Workbook

Sheet ROYCCA
A1: ROYCCA | L1: ACSS | S1: LVTS
B2: ACSS +USBE | E2: LVTS | L2: Point Forecast | M2: Lo 95 | N2: Hi 95 | O2: Lo 95 | P2: Point Forecast | Q2: Hi 95 | S2: Point Forecast | T2: Lo 95 | U2: Hi 95 | V2: Lo 95 | W2: Point Forecast | X2: Hi 95
A3: Year | B3: Lower Bound | C3: Value Forecast (billions) | D3: Upper Bound | E3: Lower Bound | F3: Value Forecast (billions) | G3: Upper Bound | K3: 2022Q1 | L3: 947.21881 | M3: 893.76205 | N3: 1000.6756 | O3: =ROUND(M3,3) -> 893.762 | P3: =ROUND(L3,3) -> 947.219 | Q3: =ROUND(N3,3) -> 1000.676 | R3: =K3 -> 2022Q1 | S3: 12148.825 | T3: 11162.48 | U3: 13135.17 | V3: =ROUND(T3,3) -> 11162.48 | W3: =ROUND(S3,3) -> 12148.825 | X3: =ROUND(U3,3) -> 13135.17
A4: =K3 -> 2022Q1 | B4: =O3 -> 893.762 | C4: =P3 -> 947.219 | D4: =Q3 -> 1000.676 | E4: =V3 -> 11162.48 | F4: =W3 -> 12148.825 | G4: =X3 -> 13135.17 | K4: 2022Q2 | L4: 990.23604 | M4: 919.9075 | N4: 1060.5646 | O4: =ROUND(M4,3) -> 919.907 | P4: =ROUND(L4,3) -> 990.236 | Q4: =ROUND(N4,3) -> 1060.565 | R4: =K4 -> 2022Q2 | S4: 12371.539 | T4: 10836.842 | U4: 13906.236 | V4: =ROUND(T4,3) -> 10836.842 | W4: =ROUND(S4,3) -> 12371.539 | X4: =ROUND(U4,3) -> 13906.236
A5: =K4 -> 2022Q2 | B5: =O4 -> 919.907 | C5: =P4 -> 990.236 | D5: =Q4 -> 1060.565 | E5: =V4 -> 10836.842 | F5: =W4 -> 12371.539 | G5: =X4 -> 13906.236 | I5: =SUM(F5:F8) -> 49420.986 | K5: 2022Q3 | L5: 984.69563 | M5: 904.42142 | N5: 1064.9698 | O5: =ROUND(M5,3) -> 904.421 | P5: =ROUND(L5,3) -> 984.696 | Q5: =ROUND(N5,3) -> 1064.97 | R5: =K5 -> 2022Q3 | S5: 12207.12 | T5: 10209.818 | U5: 14204.421 | V5: =ROUND(T5,3) -> 10209.818 | W5: =ROUND(S5,3) -> 12207.12 | X5: =ROUND(U5,3) -> 14204.421
A6: =K5 -> 2022Q3 | B6: =O5 -> 904.421 | C6: =P5 -> 984.696 | D6: =Q5 -> 1064.97 | E6: =V5 -> 10209.818 | F6: =W5 -> 12207.12 | G6: =X5 -> 14204.421 | I6: =SUM(F9:F12) -> 50982.28 | K6: 2022Q4 | L6: 980.31385 | M6: 893.60633 | N6: 1067.0214 | O6: =ROUND(M6,3) -> 893.606 | P6: =ROUND(L6,3) -> 980.314 | Q6: =ROUND(N6,3) -> 1067.021 | R6: =K6 -> 2022Q4 | S6: 12344.167 | T6: 9942.5079 | U6: 14745.825 | V6: =ROUND(T6,3) -> 9942.508 | W6: =ROUND(S6,3) -> 12344.167 | X6: =ROUND(U6,3) -> 14745.825
A7: =K6 -> 2022Q4 | B7: =O6 -> 893.606 | C7: =P6 -> 980.314 | D7: =Q6 -> 1067.021 | E7: =V6 -> 9942.508 | F7: =W6 -> 12344.167 | G7: =X6 -> 14745.825 | I7: =SUM(F13:F16) -> 52598.873 | K7: 2023Q1 | L7: 924.06788 | M7: 833.02595 | N7: 1015.1098 | O7: =ROUND(M7,3) -> 833.026 | P7: =ROUND(L7,3) -> 924.068 | Q7: =ROUND(N7,3) -> 1015.11 | R7: =K7 -> 2023Q1 | S7: 12498.16 | T7: 9736.3404 | U7: 15259.979 | V7: =ROUND(T7,3) -> 9736.34 | W7: =ROUND(S7,3) -> 12498.16 | X7: =ROUND(U7,3) -> 15259.979
A8: =K7 -> 2023Q1 | B8: =O7 -> 833.026 | C8: =P7 -> 924.068 | D8: =Q7 -> 1015.11 | E8: =V7 -> 9736.34 | F8: =W7 -> 12498.16 | G8: =X7 -> 15259.979 | I8: =SUM(F17:F20) -> 54220.203 | K8: 2023Q2 | L8: 973.79095 | M8: 879.76335 | N8: 1067.8185 | O8: =ROUND(M8,3) -> 879.763 | P8: =ROUND(L8,3) -> 973.791 | Q8: =ROUND(N8,3) -> 1067.819 | R8: =K8 -> 2023Q2 | S8: 12746.624 | T8: 9659.2529 | U8: 15833.996 | V8: =ROUND(T8,3) -> 9659.253 | W8: =ROUND(S8,3) -> 12746.624 | X8: =ROUND(U8,3) -> 15833.996
A9: =K8 -> 2023Q2 | B9: =O8 -> 879.763 | C9: =P8 -> 973.791 | D9: =Q8 -> 1067.819 | E9: =V8 -> 9659.253 | F9: =W8 -> 12746.624 | G9: =X8 -> 15833.996 | I9: =SUM(F21:F24) -> 55841.941 | K9: 2023Q3 | L9: 973.92953 | M9: 877.81773 | N9: 1070.0413 | O9: =ROUND(M9,3) -> 877.818 | P9: =ROUND(L9,3) -> 973.93 | Q9: =ROUND(N9,3) -> 1070.041 | R9: =K9 -> 2023Q3 | S9: 12596.138 | T9: 9210.8168 | U9: 15981.459 | V9: =ROUND(T9,3) -> 9210.817 | W9: =ROUND(S9,3) -> 12596.138 | X9: =ROUND(U9,3) -> 15981.459
A10: =K9 -> 2023Q3 | B10: =O9 -> 877.818 | C10: =P9 -> 973.93 | D10: =Q9 -> 1070.041 | E10: =V9 -> 9210.817 | F10: =W9 -> 12596.138 | G10: =X9 -> 15981.459 | I10: =SUM(F25:F28) -> 57463.712 | K10: 2023Q4 | L10: 974.35713 | M10: 876.77796 | N10: 1071.9363 | O10: =ROUND(M10,3) -> 876.778 | P10: =ROUND(L10,3) -> 974.357 | Q10: =ROUND(N10,3) -> 1071.936 | R10: =K10 -> 2023Q4 | S10: 12740.723 | T10: 9079.8279 | U10: 16401.618 | V10: =ROUND(T10,3) -> 9079.828 | W10: =ROUND(S10,3) -> 12740.723 | X10: =ROUND(U10,3) -> 16401.618
A11: =K10 -> 2023Q4 | B11: =O10 -> 876.778 | C11: =P10 -> 974.357 | D11: =Q10 -> 1071.936 | E11: =V10 -> 9079.828 | F11: =W10 -> 12740.723 | G11: =X10 -> 16401.618 | I11: =SUM(F29:F32) -> 59085.487 | K11: 2024Q1 | L11: 922.1841 | M11: 823.56599 | N11: 1020.8022 | O11: =ROUND(M11,3) -> 823.566 | P11: =ROUND(L11,3) -> 922.184 | Q11: =ROUND(N11,3) -> 1020.802 | R11: =K11 -> 2024Q1 | S11: 12898.795 | T11: 8980.7491 | U11: 16816.841 | V11: =ROUND(T11,3) -> 8980.749 | W11: =ROUND(S11,3) -> 12898.795 | X11: =ROUND(U11,3) -> 16816.841
A12: =K11 -> 2024Q1 | B12: =O11 -> 823.566 | C12: =P11 -> 922.184 | D12: =Q11 -> 1020.802 | E12: =V11 -> 8980.749 | F12: =W11 -> 12898.795 | G12: =X11 -> 16816.841 | K12: 2024Q2 | L12: 975.35643 | M12: 875.99988 | N12: 1074.713 | O12: =ROUND(M12,3) -> 876 | P12: =ROUND(L12,3) -> 975.356 | Q12: =ROUND(N12,3) -> 1074.713 | R12: =K12 -> 2024Q2 | S12: 13149.467 | T12: 8989.6712 | U12: 17309.262 | V12: =ROUND(T12,3) -> 8989.671 | W12: =ROUND(S12,3) -> 13149.467 | X12: =ROUND(U12,3) -> 17309.262
A13: =K12 -> 2024Q2 | B13: =O12 -> 876 | C13: =P12 -> 975.356 | D13: =Q12 -> 1074.713 | E13: =V12 -> 8989.671 | F13: =W12 -> 13149.467 | G13: =X12 -> 17309.262 | K13: 2024Q3 | L13: 978.41609 | M13: 878.5333 | N13: 1078.2989 | O13: =ROUND(M13,3) -> 878.533 | P13: =ROUND(L13,3) -> 978.416 | Q13: =ROUND(N13,3) -> 1078.299 | R13: =K13 -> 2024Q3 | S13: 13000.174 | T13: 8611.6871 | U13: 17388.661 | V13: =ROUND(T13,3) -> 8611.687 | W13: =ROUND(S13,3) -> 13000.174 | X13: =ROUND(U13,3) -> 17388.661
A14: =K13 -> 2024Q3 | B14: =O13 -> 878.533 | C14: =P13 -> 978.416 | D14: =Q13 -> 1078.299 | E14: =V13 -> 8611.687 | F14: =W13 -> 13000.174 | G14: =X13 -> 17388.661 | K14: 2024Q4 | L14: 981.31748 | M14: 881.05898 | N14: 1081.576 | O14: =ROUND(M14,3) -> 881.059 | P14: =ROUND(L14,3) -> 981.317 | Q14: =ROUND(N14,3) -> 1081.576 | R14: =K14 -> 2024Q4 | S14: 13145.405 | T14: 8539.4446 | U14: 17751.366 | V14: =ROUND(T14,3) -> 8539.445 | W14: =ROUND(S14,3) -> 13145.405 | X14: =ROUND(U14,3) -> 17751.366
A15: =K14 -> 2024Q4 | B15: =O14 -> 881.059 | C15: =P14 -> 981.317 | D15: =Q14 -> 1081.576 | E15: =V14 -> 8539.445 | F15: =W14 -> 13145.405 | G15: =X14 -> 17751.366 | K15: 2025Q1 | L15: 931.23943 | M15: 830.71234 | N15: 1031.7665 | O15: =ROUND(M15,3) -> 830.712 | P15: =ROUND(L15,3) -> 931.239 | Q15: =ROUND(N15,3) -> 1031.767 | R15: =K15 -> 2025Q1 | S15: 13303.827 | T15: 8490.1432 | U15: 18117.51 | V15: =ROUND(T15,3) -> 8490.143 | W15: =ROUND(S15,3) -> 13303.827 | X15: =ROUND(U15,3) -> 18117.51
A16: =K15 -> 2025Q1 | B16: =O15 -> 830.712 | C16: =P15 -> 931.239 | D16: =Q15 -> 1031.767 | E16: =V15 -> 8490.143 | F16: =W15 -> 13303.827 | G16: =X15 -> 18117.51 | K16: 2025Q2 | L16: 986.18595 | M16: 885.46665 | N16: 1086.9052 | O16: =ROUND(M16,3) -> 885.467 | P16: =ROUND(L16,3) -> 986.186 | Q16: =ROUND(N16,3) -> 1086.905 | R16: =K16 -> 2025Q2 | S16: 13554.687 | T16: 8541.8483 | U16: 18567.526 | V16: =ROUND(T16,3) -> 8541.848 | W16: =ROUND(S16,3) -> 13554.687 | X16: =ROUND(U16,3) -> 18567.526
A17: =K16 -> 2025Q2 | B17: =O16 -> 885.467 | C17: =P16 -> 986.186 | D17: =Q16 -> 1086.905 | E17: =V16 -> 8541.848 | F17: =W16 -> 13554.687 | G17: =X16 -> 18567.526 | K17: 2025Q3 | L17: 990.74812 | M17: 889.89121 | N17: 1091.605 | O17: =ROUND(M17,3) -> 889.891 | P17: =ROUND(L17,3) -> 990.748 | Q17: =ROUND(N17,3) -> 1091.605 | R17: =K17 -> 2025Q3 | S17: 13405.497 | T17: 8201.1004 | U17: 18609.894 | V17: =ROUND(T17,3) -> 8201.1 | W17: =ROUND(S17,3) -> 13405.497 | X17: =ROUND(U17,3) -> 18609.894
A18: =K17 -> 2025Q3 | B18: =O17 -> 889.891 | C18: =P17 -> 990.748 | D18: =Q17 -> 1091.605 | E18: =V17 -> 8201.1 | F18: =W17 -> 13405.497 | G18: =X17 -> 18609.894 | K18: 2025Q4 | L18: 994.92194 | M18: 893.96645 | N18: 1095.8774 | O18: =ROUND(M18,3) -> 893.966 | P18: =ROUND(L18,3) -> 994.922 | Q18: =ROUND(N18,3) -> 1095.877 | R18: =K18 -> 2025Q4 | S18: 13550.784 | T18: 8161.6253 | U18: 18939.942 | V18: =ROUND(T18,3) -> 8161.625 | W18: =ROUND(S18,3) -> 13550.784 | X18: =ROUND(U18,3) -> 18939.942
A19: =K18 -> 2025Q4 | B19: =O18 -> 893.966 | C19: =P18 -> 994.922 | D19: =Q18 -> 1095.877 | E19: =V18 -> 8161.625 | F19: =W18 -> 13550.784 | G19: =X18 -> 18939.942 | K19: 2026Q1 | L19: 945.92148 | M19: 844.89536 | N19: 1046.9476 | O19: =ROUND(M19,3) -> 844.895 | P19: =ROUND(L19,3) -> 945.921 | Q19: =ROUND(N19,3) -> 1046.948 | R19: =K19 -> 2026Q1 | S19: 13709.235 | T19: 8141.4376 | U19: 19277.033 | V19: =ROUND(T19,3) -> 8141.438 | W19: =ROUND(S19,3) -> 13709.235 | X19: =ROUND(U19,3) -> 19277.033
A20: =K19 -> 2026Q1 | B20: =O19 -> 844.895 | C20: =P19 -> 945.921 | D20: =Q19 -> 1046.948 | E20: =V19 -> 8141.438 | F20: =W19 -> 13709.235 | G20: =X19 -> 19277.033 | K20: 2026Q2 | L20: 1001.7806 | M20: 900.70381 | N20: 1102.8573 | O20: =ROUND(M20,3) -> 900.704 | P20: =ROUND(L20,3) -> 1001.781 | Q20: =ROUND(N20,3) -> 1102.857 | R20: =K20 -> 2026Q2 | S20: 13960.112 | T20: 8219.2292 | U20: 19700.995 | V20: =ROUND(T20,3) -> 8219.229 | W20: =ROUND(S20,3) -> 13960.112 | X20: =ROUND(U20,3) -> 19700.995
A21: =K20 -> 2026Q2 | B21: =O20 -> 900.704 | C21: =P20 -> 1001.781 | D21: =Q20 -> 1102.857 | E21: =V20 -> 8219.229 | F21: =W20 -> 13960.112 | G21: =X20 -> 19700.995 | K21: 2026Q3 | L21: 1007.1156 | M21: 906.00253 | N21: 1108.2287 | O21: =ROUND(M21,3) -> 906.003 | P21: =ROUND(L21,3) -> 1007.116 | Q21: =ROUND(N21,3) -> 1108.229 | R21: =K21 -> 2026Q3 | S21: 13810.931 | T21: 7902.0288 | U21: 19719.832 | V21: =ROUND(T21,3) -> 7902.029 | W21: =ROUND(S21,3) -> 13810.931 | X21: =ROUND(U21,3) -> 19719.832
A22: =K21 -> 2026Q3 | B22: =O21 -> 906.003 | C22: =P21 -> 1007.116 | D22: =Q21 -> 1108.229 | E22: =V21 -> 7902.029 | F22: =W21 -> 13810.931 | G22: =X21 -> 19719.832 | K22: 2026Q4 | L22: 1011.9439 | M22: 910.80482 | N22: 1113.083 | O22: =ROUND(M22,3) -> 910.805 | P22: =ROUND(L22,3) -> 1011.944 | Q22: =ROUND(N22,3) -> 1113.083 | R22: =K22 -> 2026Q4 | S22: 13956.222 | T22: 7883.9482 | U22: 20028.496 | V22: =ROUND(T22,3) -> 7883.948 | W22: =ROUND(S22,3) -> 13956.222 | X22: =ROUND(U22,3) -> 20028.496
A23: =K22 -> 2026Q4 | B23: =O22 -> 910.805 | C23: =P22 -> 1011.944 | D23: =Q22 -> 1113.083 | E23: =V22 -> 7883.948 | F23: =W22 -> 13956.222 | G23: =X22 -> 20028.496 | K23: 2027Q1 | L23: 963.49773 | M23: 862.33998 | N23: 1064.6555 | O23: =ROUND(M23,3) -> 862.34 | P23: =ROUND(L23,3) -> 963.498 | Q23: =ROUND(N23,3) -> 1064.655 | R23: =K23 -> 2027Q1 | S23: 14114.676 | T23: 7883.3112 | U23: 20346.041 | V23: =ROUND(T23,3) -> 7883.311 | W23: =ROUND(S23,3) -> 14114.676 | X23: =ROUND(U23,3) -> 20346.041
... A34: =K33 -> 2029Q3 | B34: =O33 -> 963.926 | C34: =P33 -> 1065.13 | D34: =Q33 -> 1166.333 | E34: =V33 -> 7385.016 | F34: =W33 -> 15027.261 | G34: =X33 -> 22669.506 | K34: 2029Q4 | L34: 1070.5568 | M34: 969.35298 | N34: 1171.7607 | O34: =ROUND(M34,3) -> 969.353 | P34: =ROUND(L34,3) -> 1070.557 | Q34: =ROUND(N34,3) -> 1171.761 | R34: =K34 -> 2029Q4 | S34: 15172.553 | T34: 7403.2988 | U34: 22941.807 | V34: =ROUND(T34,3) -> 7403.299 | W34: =ROUND(S34,3) -> 15172.553 | X34: =ROUND(U34,3) -> 22941.807
A35: =K34 -> 2029Q4 | B35: =O34 -> 969.353 | C35: =P34 -> 1070.557 | D35: =Q34 -> 1171.761 | E35: =V34 -> 7403.299 | F35: =W34 -> 15172.553 | G35: =X34 -> 22941.807
A38: Mean | C38: =AVERAGE(C4:C35) -> 994.67778 | F38: =AVERAGE(F4:F35) -> 13660.58
A41: ROYCCA (Minus 0.5 Standard Deviation) | K41: ROYCCA (Minus 1 Standard Deviation)
B42: ACSS +USBE | E42: LVTS | L42: ACSS +USBE | O42: LVTS
A43: Year | B43: Lower Bound | C43: Forecast Minus Half A Standard Deviation (billions) | D43: Upper Bound | E43: Lower Bound | F43: =C43 -> Forecast Minus Half A Standard Deviation (billions) | G43: Upper Bound | K43: Year | L43: Lower Bound | M43: Forecast Minus One Standard Deviation (billions) | N43: Upper Bound | O43: Lower Bound | P43: =M43 -> Forecast Minus One Standard Deviation (billions) | Q43: Upper Bound
A44: =A4 -> 2022Q1 | C44: =ROUND(C4-((D4-C4)*(0.5/2)),3) -> 933.855 | F44: =ROUND(F4-((G4-F4)*(0.5/2)),3) -> 11902.239 | K44: =A4 -> 2022Q1 | M44: =ROUND(C4-((D4-C4)*(1/2)),3) -> 920.491 | P44: =ROUND(F4-((G4-F4)*(1/2)),3) -> 11655.653
A45: =A5 -> 2022Q2 | C45: =ROUND(C5-((D5-C5)*(0.5/2)),3) -> 972.654 | F45: =ROUND(F5-((G5-F5)*(0.5/2)),3) -> 11987.865 | K45: =A5 -> 2022Q2 | M45: =ROUND(C5-((D5-C5)*(1/2)),3) -> 955.072 | P45: =ROUND(F5-((G5-F5)*(1/2)),3) -> 11604.191
A46: =A6 -> 2022Q3 | C46: =ROUND(C6-((D6-C6)*(0.5/2)),3) -> 964.628 | F46: =ROUND(F6-((G6-F6)*(0.5/2)),3) -> 11707.795 | K46: =A6 -> 2022Q3 | M46: =ROUND(C6-((D6-C6)*(1/2)),3) -> 944.559 | P46: =ROUND(F6-((G6-F6)*(1/2)),3) -> 11208.47
A47: =A7 -> 2022Q4 | C47: =ROUND(C7-((D7-C7)*(0.5/2)),3) -> 958.637 | F47: =ROUND(F7-((G7-F7)*(0.5/2)),3) -> 11743.753 | K47: =A7 -> 2022Q4 | M47: =ROUND(C7-((D7-C7)*(1/2)),3) -> 936.961 | P47: =ROUND(F7-((G7-F7)*(1/2)),3) -> 11143.338
A48: =A8 -> 2023Q1 | C48: =ROUND(C8-((D8-C8)*(0.5/2)),3) -> 901.308 | F48: =ROUND(F8-((G8-F8)*(0.5/2)),3) -> 11807.705 | K48: =A8 -> 2023Q1 | M48: =ROUND(C8-((D8-C8)*(1/2)),3) -> 878.547 | P48: =ROUND(F8-((G8-F8)*(1/2)),3) -> 11117.251
A49: =A9 -> 2023Q2 | C49: =ROUND(C9-((D9-C9)*(0.5/2)),3) -> 950.284 | F49: =ROUND(F9-((G9-F9)*(0.5/2)),3) -> 11974.781 | K49: =A9 -> 2023Q2 | M49: =ROUND(C9-((D9-C9)*(1/2)),3) -> 926.777 | P49: =ROUND(F9-((G9-F9)*(1/2)),3) -> 11202.938
A50: =A10 -> 2023Q3 | C50: =ROUND(C10-((D10-C10)*(0.5/2)),3) -> 949.902 | F50: =ROUND(F10-((G10-F10)*(0.5/2)),3) -> 11749.808 | K50: =A10 -> 2023Q3 | M50: =ROUND(C10-((D10-C10)*(1/2)),3) -> 925.875 | P50: =ROUND(F10-((G10-F10)*(1/2)),3) -> 10903.478
A51: =A11 -> 2023Q4 | C51: =ROUND(C11-((D11-C11)*(0.5/2)),3) -> 949.962 | F51: =ROUND(F11-((G11-F11)*(0.5/2)),3) -> 11825.499 | K51: =A11 -> 2023Q4 | M51: =ROUND(C11-((D11-C11)*(1/2)),3) -> 925.568 | P51: =ROUND(F11-((G11-F11)*(1/2)),3) -> 10910.276
A52: =A12 -> 2024Q1 | C52: =ROUND(C12-((D12-C12)*(0.5/2)),3) -> 897.53 | F52: =ROUND(F12-((G12-F12)*(0.5/2)),3) -> 11919.284 | K52: =A12 -> 2024Q1 | M52: =ROUND(C12-((D12-C12)*(1/2)),3) -> 872.875 | P52: =ROUND(F12-((G12-F12)*(1/2)),3) -> 10939.772
A53: =A13 -> 2024Q2 | C53: =ROUND(C13-((D13-C13)*(0.5/2)),3) -> 950.517 | F53: =ROUND(F13-((G13-F13)*(0.5/2)),3) -> 12109.518 | K53: =A13 -> 2024Q2 | M53: =ROUND(C13-((D13-C13)*(1/2)),3) -> 925.678 | P53: =ROUND(F13-((G13-F13)*(1/2)),3) -> 11069.57
A54: =A14 -> 2024Q3 | C54: =ROUND(C14-((D14-C14)*(0.5/2)),3) -> 953.445 | F54: =ROUND(F14-((G14-F14)*(0.5/2)),3) -> 11903.052 | K54: =A14 -> 2024Q3 | M54: =ROUND(C14-((D14-C14)*(1/2)),3) -> 928.475 | P54: =ROUND(F14-((G14-F14)*(1/2)),3) -> 10805.931
A55: =A15 -> 2024Q4 | C55: =ROUND(C15-((D15-C15)*(0.5/2)),3) -> 956.252 | F55: =ROUND(F15-((G15-F15)*(0.5/2)),3) -> 11993.915 | K55: =A15 -> 2024Q4 | M55: =ROUND(C15-((D15-C15)*(1/2)),3) -> 931.188 | P55: =ROUND(F15-((G15-F15)*(1/2)),3) -> 10842.425
... A75: =A35 -> 2029Q4 | C75: =ROUND(C35-((D35-C35)*(0.5/2)),3) -> 1045.256 | F75: =ROUND(F35-((G35-F35)*(0.5/2)),3) -> 13230.24 | K75: =A35 -> 2029Q4 | M75: =ROUND(C35-((D35-C35)*(1/2)),3) -> 1019.955 | P75: =ROUND(F35-((G35-F35)*(1/2)),3) -> 11287.926

Sheet TDOMCA
A1: TDOMCA | L1: ACSS | S1: LVTS
B2: ACSS +USBE | E2: LVTS | L2: Point Forecast | M2: Lo 95 | N2: Hi 95 | O2: Lo 95 | P2: Point Forecast | Q2: Hi 95 | S2: Point Forecast | T2: Lo 95 | U2: Hi 95 | V2: Lo 95 | W2: Point Forecast | X2: Hi 95
A3: Year | B3: Lower Bound | C3: Value Forecast (billions) | D3: Upper Bound | E3: Lower Bound | F3: Value Forecast (billions) | G3: Upper Bound | K3: 2022Q1 | L3: 768.75331 | M3: 719.78489 | N3: 817.72173 | O3: =ROUND(M3,3) -> 719.785 | P3: =ROUND(L3,3) -> 768.753 | Q3: =ROUND(N3,3) -> 817.722 | R3: =K3 -> 2022Q1 | S3: 7575.5448 | T3: 6762.3733 | U3: 8388.7164 | V3: =ROUND(T3,3) -> 6762.373 | W3: =ROUND(S3,3) -> 7575.545 | X3: =ROUND(U3,3) -> 8388.716
A4: =K3 -> 2022Q1 | B4: =O3 -> 719.785 | C4: =P3 -> 768.753 | D4: =Q3 -> 817.722 | E4: =V3 -> 6762.373 | F4: =W3 -> 7575.545 | G4: =X3 -> 8388.716 | K4: 2022Q2 | L4: 808.6195 | M4: 745.97154 | N4: 871.26747 | O4: =ROUND(M4,3) -> 745.972 | P4: =ROUND(L4,3) -> 808.62 | Q4: =ROUND(N4,3) -> 871.267 | R4: =K4 -> 2022Q2 | S4: 7692.1762 | T4: 6246.1026 | U4: 9138.2498 | V4: =ROUND(T4,3) -> 6246.103 | W4: =ROUND(S4,3) -> 7692.176 | X4: =ROUND(U4,3) -> 9138.25
A5: =K4 -> 2022Q2 | B5: =O4 -> 745.972 | C5: =P4 -> 808.62 | D5: =Q4 -> 871.267 | E5: =V4 -> 6246.103 | F5: =W4 -> 7692.176 | G5: =X4 -> 9138.25 | I5: =SUM(F5:F8) -> 30957.28 | K5: 2022Q3 | L5: 808.12396 | M5: 736.77722 | N5: 879.4707 | O5: =ROUND(M5,3) -> 736.777 | P5: =ROUND(L5,3) -> 808.124 | Q5: =ROUND(N5,3) -> 879.471 | R5: =K5 -> 2022Q3 | S5: 7653.7206 | T5: 5701.6174 | U5: 9605.8239 | V5: =ROUND(T5,3) -> 5701.617 | W5: =ROUND(S5,3) -> 7653.721 | X5: =ROUND(U5,3) -> 9605.824
A6: =K5 -> 2022Q3 | B6: =O5 -> 736.777 | C6: =P5 -> 808.124 | D6: =Q5 -> 879.471 | E6: =V5 -> 5701.617 | F6: =W5 -> 7653.721 | G6: =X5 -> 9605.824 | I6: =SUM(F9:F12) -> 32106.729 | K6: 2022Q4 | L6: 800.0654 | M6: 722.73392 | N6: 877.39688 | O6: =ROUND(M6,3) -> 722.734 | P6: =ROUND(L6,3) -> 800.065 | Q6: =ROUND(N6,3) -> 877.397 | R6: =K6 -> 2022Q4 | S6: 7772.6921 | T6: 5401.3998 | U6: 10143.984 | V6: =ROUND(T6,3) -> 5401.4 | W6: =ROUND(S6,3) -> 7772.692 | X6: =ROUND(U6,3) -> 10143.984
A7: =K6 -> 2022Q4 | B7: =O6 -> 722.734 | C7: =P6 -> 800.065 | D7: =Q6 -> 877.397 | E7: =V6 -> 5401.4 | F7: =W6 -> 7772.692 | G7: =X6 -> 10143.984 | I7: =SUM(F13:F16) -> 33267.722 | K7: 2023Q1 | L7: 752.33563 | M7: 670.73036 | N7: 833.9409 | O7: =ROUND(M7,3) -> 670.73 | P7: =ROUND(L7,3) -> 752.336 | Q7: =ROUND(N7,3) -> 833.941 | R7: =K7 -> 2023Q1 | S7: 7838.6905 | T7: 5106.6885 | U7: 10570.692 | V7: =ROUND(T7,3) -> 5106.689 | W7: =ROUND(S7,3) -> 7838.691 | X7: =ROUND(U7,3) -> 10570.692
A8: =K7 -> 2023Q1 | B8: =O7 -> 670.73 | C8: =P7 -> 752.336 | D8: =Q7 -> 833.941 | E8: =V7 -> 5106.689 | F8: =W7 -> 7838.691 | G8: =X7 -> 10570.692 | I8: =SUM(F17:F20) -> 34428.811 | K8: 2023Q2 | L8: 796.79901 | M8: 712.07615 | N8: 881.52187 | O8: =ROUND(M8,3) -> 712.076 | P8: =ROUND(L8,3) -> 796.799 | Q8: =ROUND(N8,3) -> 881.522 | R8: =K8 -> 2023Q2 | S8: 7974.256 | T8: 4922.4877 | U8: 11026.024 | V8: =ROUND(T8,3) -> 4922.488 | W8: =ROUND(S8,3) -> 7974.256 | X8: =ROUND(U8,3) -> 11026.024
A9: =K8 -> 2023Q2 | B9: =O8 -> 712.076 | C9: =P8 -> 796.799 | D9: =Q8 -> 881.522 | E9: =V8 -> 4922.488 | F9: =W8 -> 7974.256 | G9: =X8 -> 11026.024 | I9: =SUM(F21:F24) -> 35589.901 | K9: 2023Q3 | L9: 800.32012 | M9: 713.29247 | N9: 887.34778 | O9: =ROUND(M9,3) -> 713.292 | P9: =ROUND(L9,3) -> 800.32 | Q9: =ROUND(N9,3) -> 887.348 | R9: =K9 -> 2023Q3 | S9: 7941.5188 | T9: 4600.058 | U9: 11282.98 | V9: =ROUND(T9,3) -> 4600.058 | W9: =ROUND(S9,3) -> 7941.519 | X9: =ROUND(U9,3) -> 11282.98
A10: =K9 -> 2023Q3 | B10: =O9 -> 713.292 | C10: =P9 -> 800.32 | D10: =Q9 -> 887.348 | E10: =V9 -> 4600.058 | F10: =W9 -> 7941.519 | G10: =X9 -> 11282.98 | I10: =SUM(F25:F28) -> 36750.991 | K10: 2023Q4 | L10: 795.77101 | M10: 707.02417 | N10: 884.51784 | O10: =ROUND(M10,3) -> 707.024 | P10: =ROUND(L10,3) -> 795.771 | Q10: =ROUND(N10,3) -> 884.518 | R10: =K10 -> 2023Q4 | S10: 8062.2173 | T10: 4454.14 | U10: 11670.295 | V10: =ROUND(T10,3) -> 4454.14 | W10: =ROUND(S10,3) -> 8062.217 | X10: =ROUND(U10,3) -> 11670.295
A11: =K10 -> 2023Q4 | B11: =O10 -> 707.024 | C11: =P10 -> 795.771 | D11: =Q10 -> 884.518 | E11: =V10 -> 4454.14 | F11: =W10 -> 8062.217 | G11: =X10 -> 11670.295 | I11: =SUM(F29:F32) -> 37912.081 | K11: 2024Q1 | L11: 751.10751 | M11: 661.07037 | N11: 841.14466 | O11: =ROUND(M11,3) -> 661.07 | P11: =ROUND(L11,3) -> 751.108 | Q11: =ROUND(N11,3) -> 841.145 | R11: =K11 -> 2024Q1 | S11: 8128.7373 | T11: 4272.4021 | U11: 11985.072 | V11: =ROUND(T11,3) -> 4272.402 | W11: =ROUND(S11,3) -> 8128.737 | X11: =ROUND(U11,3) -> 11985.072
A12: =K11 -> 2024Q1 | B12: =O11 -> 661.07 | C12: =P11 -> 751.108 | D12: =Q11 -> 841.145 | E12: =V11 -> 4272.402 | F12: =W11 -> 8128.737 | G12: =X11 -> 11985.072 | K12: 2024Q2 | L12: 798.24996 | M12: 707.24012 | N12: 889.2598 | O12: =ROUND(M12,3) -> 707.24 | P12: =ROUND(L12,3) -> 798.25 | Q12: =ROUND(N12,3) -> 889.26 | R12: =K12 -> 2024Q2 | S12: 8264.4603 | T12: 4174.9013 | U12: 12354.019 | V12: =ROUND(T12,3) -> 4174.901 | W12: =ROUND(S12,3) -> 8264.46 | X12: =ROUND(U12,3) -> 12354.019
A13: =K12 -> 2024Q2 | B13: =O12 -> 707.24 | C13: =P12 -> 798.25 | D13: =Q12 -> 889.26 | E13: =V12 -> 4174.901 | F13: =W12 -> 8264.46 | G13: =X12 -> 12354.019 | K13: 2024Q3 | L13: 804.11184 | M13: 712.36639 | N13: 895.85728 | O13: =ROUND(M13,3) -> 712.366 | P13: =ROUND(L13,3) -> 804.112 | Q13: =ROUND(N13,3) -> 895.857 | R13: =K13 -> 2024Q3 | S13: 8231.7707 | T13: 3921.5866 | U13: 12541.955 | V13: =ROUND(T13,3) -> 3921.587 | W13: =ROUND(S13,3) -> 8231.771 | X13: =ROUND(U13,3) -> 12541.955
A14: =K13 -> 2024Q3 | B14: =O13 -> 712.366 | C14: =P13 -> 804.112 | D14: =Q13 -> 895.857 | E14: =V13 -> 3921.587 | F14: =W13 -> 8231.771 | G14: =X13 -> 12541.955 | K14: 2024Q4 | L14: 801.60789 | M14: 709.30483 | N14: 893.91095 | O14: =ROUND(M14,3) -> 709.305 | P14: =ROUND(L14,3) -> 801.608 | Q14: =ROUND(N14,3) -> 893.911 | R14: =K14 -> 2024Q4 | S14: 8352.4835 | T14: 3832.4297 | U14: 12872.537 | V14: =ROUND(T14,3) -> 3832.43 | W14: =ROUND(S14,3) -> 8352.483 | X14: =ROUND(U14,3) -> 12872.537
A15: =K14 -> 2024Q4 | B15: =O14 -> 709.305 | C15: =P14 -> 801.608 | D15: =Q14 -> 893.911 | E15: =V14 -> 3832.43 | F15: =W14 -> 8352.483 | G15: =X14 -> 12872.537 | K15: 2025Q1 | L15: 758.73131 | M15: 666.00484 | N15: 851.45778 | O15: =ROUND(M15,3) -> 666.005 | P15: =ROUND(L15,3) -> 758.731 | Q15: =ROUND(N15,3) -> 851.458 | R15: =K15 -> 2025Q1 | S15: 8419.0078 | T15: 3698.4053 | U15: 13139.61 | V15: =ROUND(T15,3) -> 3698.405 | W15: =ROUND(S15,3) -> 8419.008 | X15: =ROUND(U15,3) -> 13139.61
A16: =K15 -> 2025Q1 | B16: =O15 -> 666.005 | C16: =P15 -> 758.731 | D16: =Q15 -> 851.458 | E16: =V15 -> 3698.405 | F16: =W15 -> 8419.008 | G16: =X15 -> 13139.61 | K16: 2025Q2 | L16: 807.43502 | M16: 714.38662 | N16: 900.48343 | O16: =ROUND(M16,3) -> 714.387 | P16: =ROUND(L16,3) -> 807.435 | Q16: =ROUND(N16,3) -> 900.483 | R16: =K16 -> 2025Q2 | S16: 8554.7322 | T16: 3641.7605 | U16: 13467.704 | V16: =ROUND(T16,3) -> 3641.76 | W16: =ROUND(S16,3) -> 8554.732 | X16: =ROUND(U16,3) -> 13467.704
A17: =K16 -> 2025Q2 | B17: =O16 -> 714.387 | C17: =P16 -> 807.435 | D17: =Q16 -> 900.483 | E17: =V16 -> 3641.76 | F17: =W16 -> 8554.732 | G17: =X16 -> 13467.704 | K17: 2025Q3 | L17: 814.66101 | M17: 721.36759 | N17: 907.95443 | O17: =ROUND(M17,3) -> 721.368 | P17: =ROUND(L17,3) -> 814.661 | Q17: =ROUND(N17,3) -> 907.954 | R17: =K17 -> 2025Q3 | S17: 8522.0429 | T17: 3423.9556 | U17: 13620.13 | V17: =ROUND(T17,3) -> 3423.956 | W17: =ROUND(S17,3) -> 8522.043 | X17: =ROUND(U17,3) -> 13620.13
A18: =K17 -> 2025Q3 | B18: =O17 -> 721.368 | C18: =P17 -> 814.661 | D18: =Q17 -> 907.954 | E18: =V17 -> 3423.956 | F18: =W17 -> 8522.043 | G18: =X17 -> 13620.13 | K18: 2025Q4 | L18: 813.34892 | M18: 719.86889 | N18: 906.82895 | O18: =ROUND(M18,3) -> 719.869 | P18: =ROUND(L18,3) -> 813.349 | Q18: =ROUND(N18,3) -> 906.829 | R18: =K18 -> 2025Q4 | S18: 8642.7559 | T18: 3366.0432 | U18: 13919.469 | V18: =ROUND(T18,3) -> 3366.043 | W18: =ROUND(S18,3) -> 8642.756 | X18: =ROUND(U18,3) -> 13919.469
A19: =K18 -> 2025Q4 | B19: =O18 -> 719.869 | C19: =P18 -> 813.349 | D19: =Q18 -> 906.829 | E19: =V18 -> 3366.043 | F19: =W18 -> 8642.756 | G19: =X18 -> 13919.469 | K19: 2026Q1 | L19: 771.51368 | M19: 677.89145 | N19: 865.13592 | O19: =ROUND(M19,3) -> 677.891 | P19: =ROUND(L19,3) -> 771.514 | Q19: =ROUND(N19,3) -> 865.136 | R19: =K19 -> 2026Q1 | S19: 8709.2802 | T19: 3259.794 | U19: 14158.766 | V19: =ROUND(T19,3) -> 3259.794 | W19: =ROUND(S19,3) -> 8709.28 | X19: =ROUND(U19,3) -> 14158.766
A20: =K19 -> 2026Q1 | B20: =O19 -> 677.891 | C20: =P19 -> 771.514 | D20: =Q19 -> 865.136 | E20: =V19 -> 3259.794 | F20: =W19 -> 8709.28 | G20: =X19 -> 14158.766 | K20: 2026Q2 | L20: 821.12724 | M20: 727.3966 | N20: 914.85789 | O20: =ROUND(M20,3) -> 727.397 | P20: =ROUND(L20,3) -> 821.127 | Q20: =ROUND(N20,3) -> 914.858 | R20: =K20 -> 2026Q2 | S20: 8845.0046 | T20: 3228.0568 | U20: 14461.952 | V20: =ROUND(T20,3) -> 3228.057 | W20: =ROUND(S20,3) -> 8845.005 | X20: =ROUND(U20,3) -> 14461.952
A21: =K20 -> 2026Q2 | B21: =O20 -> 727.397 | C21: =P20 -> 821.127 | D21: =Q20 -> 914.858 | E21: =V20 -> 3228.057 | F21: =W20 -> 8845.005 | G21: =X20 -> 14461.952 | K21: 2026Q3 | L21: 829.14818 | M21: 735.33486 | N21: 922.96151 | O21: =ROUND(M21,3) -> 735.335 | P21: =ROUND(L21,3) -> 829.148 | Q21: =ROUND(N21,3) -> 922.962 | R21: =K21 -> 2026Q3 | S21: 8812.3154 | T21: 3032.756 | U21: 14591.875 | V21: =ROUND(T21,3) -> 3032.756 | W21: =ROUND(S21,3) -> 8812.315 | X21: =ROUND(U21,3) -> 14591.875
A22: =K21 -> 2026Q3 | B22: =O21 -> 735.335 | C22: =P21 -> 829.148 | D22: =Q21 -> 922.962 | E22: =V21 -> 3032.756 | F22: =W21 -> 8812.315 | G22: =X21 -> 14591.875 | K22: 2026Q4 | L22: 828.53066 | M22: 734.65428 | N22: 922.40705 | O22: =ROUND(M22,3) -> 734.654 | P22: =ROUND(L22,3) -> 828.531 | Q22: =ROUND(N22,3) -> 922.407 | R22: =K22 -> 2026Q4 | S22: 8933.0283 | T22: 2995.3092 | U22: 14870.747 | V22: =ROUND(T22,3) -> 2995.309 | W22: =ROUND(S22,3) -> 8933.028 | X22: =ROUND(U22,3) -> 14870.747
A23: =K22 -> 2026Q4 | B23: =O22 -> 734.654 | C23: =P22 -> 828.531 | D23: =Q22 -> 922.407 | E23: =V22 -> 2995.309 | F23: =W22 -> 8933.028 | G23: =X22 -> 14870.747 | K23: 2027Q1 | L23: 787.30229 | M23: 693.37779 | N23: 881.22679 | O23: =ROUND(M23,3) -> 693.378 | P23: =ROUND(L23,3) -> 787.302 | Q23: =ROUND(N23,3) -> 881.227 | R23: =K23 -> 2027Q1 | S23: 8999.5527 | T23: 2907.7786 | U23: 15091.327 | V23: =ROUND(T23,3) -> 2907.779 | W23: =ROUND(S23,3) -> 8999.553 | X23: =ROUND(U23,3) -> 15091.327
... A34: =K33 -> 2029Q3 | B34: =O33 -> 788.88 | C34: =P33 -> 882.949 | D34: =Q33 -> 977.018 | E34: =V33 -> 2223.793 | F34: =W33 -> 9683.133 | G34: =X33 -> 17142.472 | K34: 2029Q4 | L34: 883.10926 | M34: 789.03764 | N34: 977.18088 | O34: =ROUND(M34,3) -> 789.038 | P34: =ROUND(L34,3) -> 883.109 | Q34: =ROUND(N34,3) -> 977.181 | R34: =K34 -> 2029Q4 | S34: 9803.8456 | T34: 2221.3036 | U34: 17386.388 | V34: =ROUND(T34,3) -> 2221.304 | W34: =ROUND(S34,3) -> 9803.846 | X34: =ROUND(U34,3) -> 17386.388
A35: =K34 -> 2029Q4 | B35: =O34 -> 789.038 | C35: =P34 -> 883.109 | D35: =Q34 -> 977.181 | E35: =V34 -> 2221.304 | F35: =W34 -> 9803.846 | G35: =X34 -> 17386.388
A38: Mean | C38: =AVERAGE(C4:C35) -> 815.57872 | F38: =AVERAGE(F4:F35) -> 8680.9957
A41: TDOMCA (Minus 0.5 Standard Deviation) | K41: TDOMCA (Minus 1 Standard Deviation)
B42: ACSS +USBE | E42: LVTS | L42: ACSS +USBE | O42: LVTS
A43: Year | B43: Lower Bound | C43: Forecast Minus Half A Standard Deviation (billions) | D43: Upper Bound | E43: Lower Bound | F43: =C43 -> Forecast Minus Half A Standard Deviation (billions) | G43: Upper Bound | K43: Year | L43: Lower Bound | M43: Forecast Minus One Standard Deviation (billions) | N43: Upper Bound | O43: Lower Bound | P43: =M43 -> Forecast Minus One Standard Deviation (billions) | Q43: Upper Bound
A44: =A4 -> 2022Q1 | C44: =ROUND(C4-((D4-C4)*(0.5/2)),3) -> 756.511 | F44: =ROUND(F4-((G4-F4)*(0.5/2)),3) -> 7372.252 | K44: =A4 -> 2022Q1 | M44: =ROUND(C4-((D4-C4)*(1/2)),3) -> 744.269 | P44: =ROUND(F4-((G4-F4)*(1/2)),3) -> 7168.96
A45: =A5 -> 2022Q2 | C45: =ROUND(C5-((D5-C5)*(0.5/2)),3) -> 792.958 | F45: =ROUND(F5-((G5-F5)*(0.5/2)),3) -> 7330.658 | K45: =A5 -> 2022Q2 | M45: =ROUND(C5-((D5-C5)*(1/2)),3) -> 777.297 | P45: =ROUND(F5-((G5-F5)*(1/2)),3) -> 6969.139
A46: =A6 -> 2022Q3 | C46: =ROUND(C6-((D6-C6)*(0.5/2)),3) -> 790.287 | F46: =ROUND(F6-((G6-F6)*(0.5/2)),3) -> 7165.695 | K46: =A6 -> 2022Q3 | M46: =ROUND(C6-((D6-C6)*(1/2)),3) -> 772.451 | P46: =ROUND(F6-((G6-F6)*(1/2)),3) -> 6677.67
A47: =A7 -> 2022Q4 | C47: =ROUND(C7-((D7-C7)*(0.5/2)),3) -> 780.732 | F47: =ROUND(F7-((G7-F7)*(0.5/2)),3) -> 7179.869 | K47: =A7 -> 2022Q4 | M47: =ROUND(C7-((D7-C7)*(1/2)),3) -> 761.399 | P47: =ROUND(F7-((G7-F7)*(1/2)),3) -> 6587.046
A48: =A8 -> 2023Q1 | C48: =ROUND(C8-((D8-C8)*(0.5/2)),3) -> 731.935 | F48: =ROUND(F8-((G8-F8)*(0.5/2)),3) -> 7155.691 | K48: =A8 -> 2023Q1 | M48: =ROUND(C8-((D8-C8)*(1/2)),3) -> 711.534 | P48: =ROUND(F8-((G8-F8)*(1/2)),3) -> 6472.691
A49: =A9 -> 2023Q2 | C49: =ROUND(C9-((D9-C9)*(0.5/2)),3) -> 775.618 | F49: =ROUND(F9-((G9-F9)*(0.5/2)),3) -> 7211.314 | K49: =A9 -> 2023Q2 | M49: =ROUND(C9-((D9-C9)*(1/2)),3) -> 754.438 | P49: =ROUND(F9-((G9-F9)*(1/2)),3) -> 6448.372
A50: =A10 -> 2023Q3 | C50: =ROUND(C10-((D10-C10)*(0.5/2)),3) -> 778.563 | F50: =ROUND(F10-((G10-F10)*(0.5/2)),3) -> 7106.154 | K50: =A10 -> 2023Q3 | M50: =ROUND(C10-((D10-C10)*(1/2)),3) -> 756.806 | P50: =ROUND(F10-((G10-F10)*(1/2)),3) -> 6270.789
A51: =A11 -> 2023Q4 | C51: =ROUND(C11-((D11-C11)*(0.5/2)),3) -> 773.584 | F51: =ROUND(F11-((G11-F11)*(0.5/2)),3) -> 7160.198 | K51: =A11 -> 2023Q4 | M51: =ROUND(C11-((D11-C11)*(1/2)),3) -> 751.398 | P51: =ROUND(F11-((G11-F11)*(1/2)),3) -> 6258.178
A52: =A12 -> 2024Q1 | C52: =ROUND(C12-((D12-C12)*(0.5/2)),3) -> 728.599 | F52: =ROUND(F12-((G12-F12)*(0.5/2)),3) -> 7164.653 | K52: =A12 -> 2024Q1 | M52: =ROUND(C12-((D12-C12)*(1/2)),3) -> 706.09 | P52: =ROUND(F12-((G12-F12)*(1/2)),3) -> 6200.57
A53: =A13 -> 2024Q2 | C53: =ROUND(C13-((D13-C13)*(0.5/2)),3) -> 775.498 | F53: =ROUND(F13-((G13-F13)*(0.5/2)),3) -> 7242.07 | K53: =A13 -> 2024Q2 | M53: =ROUND(C13-((D13-C13)*(1/2)),3) -> 752.745 | P53: =ROUND(F13-((G13-F13)*(1/2)),3) -> 6219.681
A54: =A14 -> 2024Q3 | C54: =ROUND(C14-((D14-C14)*(0.5/2)),3) -> 781.176 | F54: =ROUND(F14-((G14-F14)*(0.5/2)),3) -> 7154.225 | K54: =A14 -> 2024Q3 | M54: =ROUND(C14-((D14-C14)*(1/2)),3) -> 758.24 | P54: =ROUND(F14-((G14-F14)*(1/2)),3) -> 6076.679
A55: =A15 -> 2024Q4 | C55: =ROUND(C15-((D15-C15)*(0.5/2)),3) -> 778.532 | F55: =ROUND(F15-((G15-F15)*(0.5/2)),3) -> 7222.47 | K55: =A15 -> 2024Q4 | M55: =ROUND(C15-((D15-C15)*(1/2)),3) -> 755.457 | P55: =ROUND(F15-((G15-F15)*(1/2)),3) -> 6092.456
... A75: =A35 -> 2029Q4 | C75: =ROUND(C35-((D35-C35)*(0.5/2)),3) -> 859.591 | F75: =ROUND(F35-((G35-F35)*(0.5/2)),3) -> 7908.211 | K75: =A35 -> 2029Q4 | M75: =ROUND(C35-((D35-C35)*(1/2)),3) -> 836.073 | P75: =ROUND(F35-((G35-F35)*(1/2)),3) -> 6012.575

Sheet NOSCCA
A1: NOSCCA | L1: ACSS | S1: LVTS
B2: ACSS +USBE | E2: LVTS | L2: Point Forecast | M2: Lo 95 | N2: Hi 95 | O2: Lo 95 | P2: Point Forecast | Q2: Hi 95 | S2: Point Forecast | T2: Lo 95 | U2: Hi 95 | V2: Lo 95 | W2: Point Forecast | X2: Hi 95
A3: Year | B3: Lower Bound | C3: Value Forecast (billions) | D3: Upper Bound | E3: Lower Bound | F3: Value Forecast (billions) | G3: Upper Bound | K3: 2022Q1 | L3: 507.33287 | M3: 475.38911 | N3: 539.27662 | O3: =ROUND(M3,3) -> 475.389 | P3: =ROUND(L3,3) -> 507.333 | Q3: =ROUND(N3,3) -> 539.277 | R3: =K3 -> 2022Q1 | S3: 2491.9282 | T3: 2047.266 | U3: 2936.5904 | V3: =ROUND(T3,3) -> 2047.266 | W3: =ROUND(S3,3) -> 2491.928 | X3: =ROUND(U3,3) -> 2936.59
A4: =K3 -> 2022Q1 | B4: =O3 -> 475.389 | C4: =P3 -> 507.333 | D4: =Q3 -> 539.277 | E4: =V3 -> 2047.266 | F4: =W3 -> 2491.928 | G4: =X3 -> 2936.59 | K4: 2022Q2 | L4: 535.60114 | M4: 495.00347 | N4: 576.19881 | O4: =ROUND(M4,3) -> 495.003 | P4: =ROUND(L4,3) -> 535.601 | Q4: =ROUND(N4,3) -> 576.199 | R4: =K4 -> 2022Q2 | S4: 2569.4068 | T4: 2053.8891 | U4: 3084.9244 | V4: =ROUND(T4,3) -> 2053.889 | W4: =ROUND(S4,3) -> 2569.407 | X4: =ROUND(U4,3) -> 3084.924
A5: =K4 -> 2022Q2 | B5: =O4 -> 495.003 | C5: =P4 -> 535.601 | D5: =Q4 -> 576.199 | E5: =V4 -> 2053.889 | F5: =W4 -> 2569.407 | G5: =X4 -> 3084.924 | I5: =SUM(F5:F8) -> 10223.24 | K5: 2022Q3 | L5: 536.399 | M5: 489.70605 | N5: 583.09195 | O5: =ROUND(M5,3) -> 489.706 | P5: =ROUND(L5,3) -> 536.399 | Q5: =ROUND(N5,3) -> 583.092 | R5: =K5 -> 2022Q3 | S5: 2548.73 | T5: 1966.9296 | U5: 3130.5304 | V5: =ROUND(T5,3) -> 1966.93 | W5: =ROUND(S5,3) -> 2548.73 | X5: =ROUND(U5,3) -> 3130.53
A6: =K5 -> 2022Q3 | B6: =O5 -> 489.706 | C6: =P5 -> 536.399 | D6: =Q5 -> 583.092 | E6: =V5 -> 1966.93 | F6: =W5 -> 2548.73 | G6: =X5 -> 3130.53 | I6: =SUM(F9:F12) -> 10483.18 | K6: 2022Q4 | L6: 531.1201 | M6: 479.82512 | N6: 582.41509 | O6: =ROUND(M6,3) -> 479.825 | P6: =ROUND(L6,3) -> 531.12 | Q6: =ROUND(N6,3) -> 582.415 | R6: =K6 -> 2022Q4 | S6: 2553.0964 | T6: 1912.0075 | U6: 3194.1853 | V6: =ROUND(T6,3) -> 1912.008 | W6: =ROUND(S6,3) -> 2553.096 | X6: =ROUND(U6,3) -> 3194.185
A7: =K6 -> 2022Q4 | B7: =O6 -> 479.825 | C7: =P6 -> 531.12 | D7: =Q6 -> 582.415 | E7: =V6 -> 1912.008 | F7: =W6 -> 2553.096 | G7: =X6 -> 3194.185 | I7: =SUM(F13:F16) -> 10742.899 | K7: 2023Q1 | L7: 502.92331 | M7: 448.02913 | N7: 557.81749 | O7: =ROUND(M7,3) -> 448.029 | P7: =ROUND(L7,3) -> 502.923 | Q7: =ROUND(N7,3) -> 557.817 | R7: =K7 -> 2023Q1 | S7: 2552.0071 | T7: 1856.6588 | U7: 3247.3554 | V7: =ROUND(T7,3) -> 1856.659 | W7: =ROUND(S7,3) -> 2552.007 | X7: =ROUND(U7,3) -> 3247.355
A8: =K7 -> 2023Q1 | B8: =O7 -> 448.029 | C8: =P7 -> 502.923 | D8: =Q7 -> 557.817 | E8: =V7 -> 1856.659 | F8: =W7 -> 2552.007 | G8: =X7 -> 3247.355 | I8: =SUM(F17:F20) -> 11002.616 | K8: 2023Q2 | L8: 532.44587 | M8: 474.67652 | N8: 590.21522 | O8: =ROUND(M8,3) -> 474.677 | P8: =ROUND(L8,3) -> 532.446 | Q8: =ROUND(N8,3) -> 590.215 | R8: =K8 -> 2023Q2 | S8: 2634.5699 | T8: 1888.9003 | U8: 3380.2394 | V8: =ROUND(T8,3) -> 1888.9 | W8: =ROUND(S8,3) -> 2634.57 | X8: =ROUND(U8,3) -> 3380.239
A9: =K8 -> 2023Q2 | B9: =O8 -> 474.677 | C9: =P8 -> 532.446 | D9: =Q8 -> 590.215 | E9: =V8 -> 1888.9 | F9: =W8 -> 2634.57 | G9: =X8 -> 3380.239 | I9: =SUM(F21:F24) -> 11262.334 | K9: 2023Q3 | L9: 534.39845 | M9: 474.29987 | N9: 594.49704 | O9: =ROUND(M9,3) -> 474.3 | P9: =ROUND(L9,3) -> 534.398 | Q9: =ROUND(N9,3) -> 594.497 | R9: =K9 -> 2023Q3 | S9: 2613.6482 | T9: 1820.845 | U9: 3406.4514 | V9: =ROUND(T9,3) -> 1820.845 | W9: =ROUND(S9,3) -> 2613.648 | X9: =ROUND(U9,3) -> 3406.451
A10: =K9 -> 2023Q3 | B10: =O9 -> 474.3 | C10: =P9 -> 534.398 | D10: =Q9 -> 594.497 | E10: =V9 -> 1820.845 | F10: =W9 -> 2613.648 | G10: =X9 -> 3406.451 | I10: =SUM(F25:F28) -> 11522.051 | K10: 2023Q4 | L10: 530.18262 | M10: 468.17837 | N10: 592.18686 | O10: =ROUND(M10,3) -> 468.178 | P10: =ROUND(L10,3) -> 530.183 | Q10: =ROUND(N10,3) -> 592.187 | R10: =K10 -> 2023Q4 | S10: 2618.0263 | T10: 1780.7386 | U10: 3455.314 | V10: =ROUND(T10,3) -> 1780.739 | W10: =ROUND(S10,3) -> 2618.026 | X10: =ROUND(U10,3) -> 3455.314
A11: =K10 -> 2023Q4 | B11: =O10 -> 468.178 | C11: =P10 -> 530.183 | D11: =Q10 -> 592.187 | E11: =V10 -> 1780.739 | F11: =W10 -> 2618.026 | G11: =X10 -> 3455.314 | I11: =SUM(F29:F32) -> 11781.768 | K11: 2024Q1 | L11: 502.9645 | M11: 439.38983 | N11: 566.53917 | O11: =ROUND(M11,3) -> 439.39 | P11: =ROUND(L11,3) -> 502.965 | Q11: =ROUND(N11,3) -> 566.539 | R11: =K11 -> 2024Q1 | S11: 2616.9364 | T11: 1737.4113 | U11: 3496.4616 | V11: =ROUND(T11,3) -> 1737.411 | W11: =ROUND(S11,3) -> 2616.936 | X11: =ROUND(U11,3) -> 3496.462
A12: =K11 -> 2024Q1 | B12: =O11 -> 439.39 | C12: =P11 -> 502.965 | D12: =Q11 -> 566.539 | E12: =V11 -> 1737.411 | F12: =W11 -> 2616.936 | G12: =X11 -> 3496.462 | K12: 2024Q2 | L12: 533.38805 | M12: 468.51214 | N12: 598.26397 | O12: =ROUND(M12,3) -> 468.512 | P12: =ROUND(L12,3) -> 533.388 | Q12: =ROUND(N12,3) -> 598.264 | R12: =K12 -> 2024Q2 | S12: 2699.4993 | T12: 1779.6741 | U12: 3619.3244 | V12: =ROUND(T12,3) -> 1779.674 | W12: =ROUND(S12,3) -> 2699.499 | X12: =ROUND(U12,3) -> 3619.324
A13: =K12 -> 2024Q2 | B13: =O12 -> 468.512 | C13: =P12 -> 533.388 | D13: =Q12 -> 598.264 | E13: =V12 -> 1779.674 | F13: =W12 -> 2699.499 | G13: =X12 -> 3619.324 | K13: 2024Q3 | L13: 536.17011 | M13: 470.21142 | N13: 602.12879 | O13: =ROUND(M13,3) -> 470.211 | P13: =ROUND(L13,3) -> 536.17 | Q13: =ROUND(N13,3) -> 602.129 | R13: =K13 -> 2024Q3 | S13: 2678.5776 | T13: 1720.1455 | U13: 3637.0097 | V13: =ROUND(T13,3) -> 1720.145 | W13: =ROUND(S13,3) -> 2678.578 | X13: =ROUND(U13,3) -> 3637.01
A14: =K13 -> 2024Q3 | B14: =O13 -> 470.211 | C14: =P13 -> 536.17 | D14: =Q13 -> 602.129 | E14: =V13 -> 1720.145 | F14: =W13 -> 2678.578 | G14: =X13 -> 3637.01 | K14: 2024Q4 | L14: 532.7179 | M14: 465.85525 | N14: 599.58055 | O14: =ROUND(M14,3) -> 465.855 | P14: =ROUND(L14,3) -> 532.718 | Q14: =ROUND(N14,3) -> 599.581 | R14: =K14 -> 2024Q4 | S14: 2682.9557 | T14: 1687.4127 | U14: 3678.4988 | V14: =ROUND(T14,3) -> 1687.413 | W14: =ROUND(S14,3) -> 2682.956 | X14: =ROUND(U14,3) -> 3678.499
A15: =K14 -> 2024Q4 | B15: =O14 -> 465.855 | C15: =P14 -> 532.718 | D15: =Q14 -> 599.581 | E15: =V14 -> 1687.413 | F15: =W14 -> 2682.956 | G15: =X14 -> 3678.499 | K15: 2025Q1 | L15: 506.2028 | M15: 438.58346 | N15: 573.82214 | O15: =ROUND(M15,3) -> 438.583 | P15: =ROUND(L15,3) -> 506.203 | Q15: =ROUND(N15,3) -> 573.822 | R15: =K15 -> 2025Q1 | S15: 2681.8658 | T15: 1650.5464 | U15: 3713.1853 | V15: =ROUND(T15,3) -> 1650.546 | W15: =ROUND(S15,3) -> 2681.866 | X15: =ROUND(U15,3) -> 3713.185
A16: =K15 -> 2025Q1 | B16: =O15 -> 438.583 | C16: =P15 -> 506.203 | D16: =Q15 -> 573.822 | E16: =V15 -> 1650.546 | F16: =W15 -> 2681.866 | G16: =X15 -> 3713.185 | K16: 2025Q2 | L16: 537.27356 | M16: 469.01946 | N16: 605.52766 | O16: =ROUND(M16,3) -> 469.019 | P16: =ROUND(L16,3) -> 537.274 | Q16: =ROUND(N16,3) -> 605.528 | R16: =K16 -> 2025Q2 | S16: 2764.4287 | T16: 1698.533 | U16: 3830.3244 | V16: =ROUND(T16,3) -> 1698.533 | W16: =ROUND(S16,3) -> 2764.429 | X16: =ROUND(U16,3) -> 3830.324
A17: =K16 -> 2025Q2 | B17: =O16 -> 469.019 | C17: =P16 -> 537.274 | D17: =Q16 -> 605.528 | E17: =V16 -> 1698.533 | F17: =W16 -> 2764.429 | G17: =X16 -> 3830.324 | K17: 2025Q3 | L17: 540.65145 | M17: 471.86395 | N17: 609.43895 | O17: =ROUND(M17,3) -> 471.864 | P17: =ROUND(L17,3) -> 540.651 | Q17: =ROUND(N17,3) -> 609.439 | R17: =K17 -> 2025Q3 | S17: 2743.507 | T17: 1644.122 | U17: 3842.892 | V17: =ROUND(T17,3) -> 1644.122 | W17: =ROUND(S17,3) -> 2743.507 | X17: =ROUND(U17,3) -> 3842.892
A18: =K17 -> 2025Q3 | B18: =O17 -> 471.864 | C18: =P17 -> 540.651 | D18: =Q17 -> 609.439 | E18: =V17 -> 1644.122 | F18: =W17 -> 2743.507 | G18: =X17 -> 3842.892 | K18: 2025Q4 | L18: 537.74778 | M18: 468.51142 | N18: 606.98415 | O18: =ROUND(M18,3) -> 468.511 | P18: =ROUND(L18,3) -> 537.748 | Q18: =ROUND(N18,3) -> 606.984 | R18: =K18 -> 2025Q4 | S18: 2747.8851 | T18: 1616.0012 | U18: 3879.7691 | V18: =ROUND(T18,3) -> 1616.001 | W18: =ROUND(S18,3) -> 2747.885 | X18: =ROUND(U18,3) -> 3879.769
A19: =K18 -> 2025Q4 | B19: =O18 -> 468.511 | C19: =P18 -> 537.748 | D19: =Q18 -> 606.984 | E19: =V18 -> 1616.001 | F19: =W18 -> 2747.885 | G19: =X18 -> 3879.769 | K19: 2026Q1 | L19: 511.73768 | M19: 442.12315 | N19: 581.35221 | O19: =ROUND(M19,3) -> 442.123 | P19: =ROUND(L19,3) -> 511.738 | Q19: =ROUND(N19,3) -> 581.352 | R19: =K19 -> 2026Q1 | S19: 2746.7952 | T19: 1583.3198 | U19: 3910.2707 | V19: =ROUND(T19,3) -> 1583.32 | W19: =ROUND(S19,3) -> 2746.795 | X19: =ROUND(U19,3) -> 3910.271
A20: =K19 -> 2026Q1 | B20: =O19 -> 442.123 | C20: =P19 -> 511.738 | D20: =Q19 -> 581.352 | E20: =V19 -> 1583.32 | F20: =W19 -> 2746.795 | G20: =X19 -> 3910.271 | K20: 2026Q2 | L20: 543.27335 | M20: 473.33991 | N20: 613.20679 | O20: =ROUND(M20,3) -> 473.34 | P20: =ROUND(L20,3) -> 543.273 | Q20: =ROUND(N20,3) -> 613.207 | R20: =K20 -> 2026Q2 | S20: 2829.3581 | T20: 1635.1266 | U20: 4023.5896 | V20: =ROUND(T20,3) -> 1635.127 | W20: =ROUND(S20,3) -> 2829.358 | X20: =ROUND(U20,3) -> 4023.59
A21: =K20 -> 2026Q2 | B21: =O20 -> 473.34 | C21: =P20 -> 543.273 | D21: =Q20 -> 613.207 | E21: =V20 -> 1635.127 | F21: =W20 -> 2829.358 | G21: =X20 -> 4023.59 | K21: 2026Q3 | L21: 547.07924 | M21: 476.87665 | N21: 617.28184 | O21: =ROUND(M21,3) -> 476.877 | P21: =ROUND(L21,3) -> 547.079 | Q21: =ROUND(N21,3) -> 617.282 | R21: =K21 -> 2026Q3 | S21: 2808.4364 | T21: 1584.2213 | U21: 4032.6515 | V21: =ROUND(T21,3) -> 1584.221 | W21: =ROUND(S21,3) -> 2808.436 | X21: =ROUND(U21,3) -> 4032.651
A22: =K21 -> 2026Q3 | B22: =O21 -> 476.877 | C22: =P21 -> 547.079 | D22: =Q21 -> 617.282 | E22: =V21 -> 1584.221 | F22: =W21 -> 2808.436 | G22: =X21 -> 4032.651 | K22: 2026Q4 | L22: 544.56961 | M22: 474.1397 | N22: 614.99952 | O22: =ROUND(M22,3) -> 474.14 | P22: =ROUND(L22,3) -> 544.57 | Q22: =ROUND(N22,3) -> 615 | R22: =K22 -> 2026Q4 | S22: 2812.8145 | T22: 1559.3328 | U22: 4066.2963 | V22: =ROUND(T22,3) -> 1559.333 | W22: =ROUND(S22,3) -> 2812.815 | X22: =ROUND(U22,3) -> 4066.296
A23: =K22 -> 2026Q4 | B23: =O22 -> 474.14 | C23: =P22 -> 544.57 | D23: =Q22 -> 615 | E23: =V22 -> 1559.333 | F23: =W22 -> 2812.815 | G23: =X22 -> 4066.296 | K23: 2027Q1 | L23: 518.92226 | M23: 448.30026 | N23: 589.54426 | O23: =ROUND(M23,3) -> 448.3 | P23: =ROUND(L23,3) -> 518.922 | Q23: =ROUND(N23,3) -> 589.544 | R23: =K23 -> 2027Q1 | S23: 2811.7246 | T23: 1529.6442 | U23: 4093.8051 | V23: =ROUND(T23,3) -> 1529.644 | W23: =ROUND(S23,3) -> 2811.725 | X23: =ROUND(U23,3) -> 4093.805
... A34: =K33 -> 2029Q3 | B34: =O33 -> 501.808 | C34: =P33 -> 573.287 | D34: =Q33 -> 644.767 | E34: =V33 -> 1464.112 | F34: =W33 -> 3003.225 | G34: =X33 -> 4542.337 | K34: 2029Q4 | L34: 571.41019 | M34: 499.90022 | N34: 642.92015 | O34: =ROUND(M34,3) -> 499.9 | P34: =ROUND(L34,3) -> 571.41 | Q34: =ROUND(N34,3) -> 642.92 | R34: =K34 -> 2029Q4 | S34: 3007.6027 | T34: 1445.1104 | U34: 4570.0951 | V34: =ROUND(T34,3) -> 1445.11 | W34: =ROUND(S34,3) -> 3007.603 | X34: =ROUND(U34,3) -> 4570.095
A35: =K34 -> 2029Q4 | B35: =O34 -> 499.9 | C35: =P34 -> 571.41 | D35: =Q34 -> 642.92 | E35: =V34 -> 1445.11 | F35: =W34 -> 3007.603 | G35: =X34 -> 4570.095
A38: Mean | C38: =AVERAGE(C4:C35) -> 538.23825 | F38: =AVERAGE(F4:F35) -> 2767.0309
A41: NOSCCA (Minus 0.5 Standard Deviation) | K41: NOSCCA (Minus 1 Standard Deviation)
B42: ACSS +USBE | E42: LVTS | L42: ACSS +USBE | O42: LVTS
A43: Year | B43: Lower Bound | C43: Forecast Minus Half A Standard Deviation (billions) | D43: Upper Bound | E43: Lower Bound | F43: =C43 -> Forecast Minus Half A Standard Deviation (billions) | G43: Upper Bound | K43: Year | L43: Lower Bound | M43: Forecast Minus One Standard Deviation (billions) | N43: Upper Bound | O43: Lower Bound | P43: =M43 -> Forecast Minus One Standard Deviation (billions) | Q43: Upper Bound
A44: =A4 -> 2022Q1 | C44: =ROUND(C4-((D4-C4)*(0.5/2)),3) -> 499.347 | F44: =ROUND(F4-((G4-F4)*(0.5/2)),3) -> 2380.763 | K44: =A4 -> 2022Q1 | M44: =ROUND(C4-((D4-C4)*(1/2)),3) -> 491.361 | P44: =ROUND(F4-((G4-F4)*(1/2)),3) -> 2269.597
A45: =A5 -> 2022Q2 | C45: =ROUND(C5-((D5-C5)*(0.5/2)),3) -> 525.452 | F45: =ROUND(F5-((G5-F5)*(0.5/2)),3) -> 2440.528 | K45: =A5 -> 2022Q2 | M45: =ROUND(C5-((D5-C5)*(1/2)),3) -> 515.302 | P45: =ROUND(F5-((G5-F5)*(1/2)),3) -> 2311.649
A46: =A6 -> 2022Q3 | C46: =ROUND(C6-((D6-C6)*(0.5/2)),3) -> 524.726 | F46: =ROUND(F6-((G6-F6)*(0.5/2)),3) -> 2403.28 | K46: =A6 -> 2022Q3 | M46: =ROUND(C6-((D6-C6)*(1/2)),3) -> 513.053 | P46: =ROUND(F6-((G6-F6)*(1/2)),3) -> 2257.83
A47: =A7 -> 2022Q4 | C47: =ROUND(C7-((D7-C7)*(0.5/2)),3) -> 518.296 | F47: =ROUND(F7-((G7-F7)*(0.5/2)),3) -> 2392.824 | K47: =A7 -> 2022Q4 | M47: =ROUND(C7-((D7-C7)*(1/2)),3) -> 505.473 | P47: =ROUND(F7-((G7-F7)*(1/2)),3) -> 2232.552
A48: =A8 -> 2023Q1 | C48: =ROUND(C8-((D8-C8)*(0.5/2)),3) -> 489.2 | F48: =ROUND(F8-((G8-F8)*(0.5/2)),3) -> 2378.17 | K48: =A8 -> 2023Q1 | M48: =ROUND(C8-((D8-C8)*(1/2)),3) -> 475.476 | P48: =ROUND(F8-((G8-F8)*(1/2)),3) -> 2204.333
A49: =A9 -> 2023Q2 | C49: =ROUND(C9-((D9-C9)*(0.5/2)),3) -> 518.004 | F49: =ROUND(F9-((G9-F9)*(0.5/2)),3) -> 2448.153 | K49: =A9 -> 2023Q2 | M49: =ROUND(C9-((D9-C9)*(1/2)),3) -> 503.562 | P49: =ROUND(F9-((G9-F9)*(1/2)),3) -> 2261.736
A50: =A10 -> 2023Q3 | C50: =ROUND(C10-((D10-C10)*(0.5/2)),3) -> 519.373 | F50: =ROUND(F10-((G10-F10)*(0.5/2)),3) -> 2415.447 | K50: =A10 -> 2023Q3 | M50: =ROUND(C10-((D10-C10)*(1/2)),3) -> 504.349 | P50: =ROUND(F10-((G10-F10)*(1/2)),3) -> 2217.247
A51: =A11 -> 2023Q4 | C51: =ROUND(C11-((D11-C11)*(0.5/2)),3) -> 514.682 | F51: =ROUND(F11-((G11-F11)*(0.5/2)),3) -> 2408.704 | K51: =A11 -> 2023Q4 | M51: =ROUND(C11-((D11-C11)*(1/2)),3) -> 499.181 | P51: =ROUND(F11-((G11-F11)*(1/2)),3) -> 2199.382
A52: =A12 -> 2024Q1 | C52: =ROUND(C12-((D12-C12)*(0.5/2)),3) -> 487.072 | F52: =ROUND(F12-((G12-F12)*(0.5/2)),3) -> 2397.055 | K52: =A12 -> 2024Q1 | M52: =ROUND(C12-((D12-C12)*(1/2)),3) -> 471.178 | P52: =ROUND(F12-((G12-F12)*(1/2)),3) -> 2177.173
A53: =A13 -> 2024Q2 | C53: =ROUND(C13-((D13-C13)*(0.5/2)),3) -> 517.169 | F53: =ROUND(F13-((G13-F13)*(0.5/2)),3) -> 2469.543 | K53: =A13 -> 2024Q2 | M53: =ROUND(C13-((D13-C13)*(1/2)),3) -> 500.95 | P53: =ROUND(F13-((G13-F13)*(1/2)),3) -> 2239.587
A54: =A14 -> 2024Q3 | C54: =ROUND(C14-((D14-C14)*(0.5/2)),3) -> 519.68 | F54: =ROUND(F14-((G14-F14)*(0.5/2)),3) -> 2438.97 | K54: =A14 -> 2024Q3 | M54: =ROUND(C14-((D14-C14)*(1/2)),3) -> 503.191 | P54: =ROUND(F14-((G14-F14)*(1/2)),3) -> 2199.362
A55: =A15 -> 2024Q4 | C55: =ROUND(C15-((D15-C15)*(0.5/2)),3) -> 516.002 | F55: =ROUND(F15-((G15-F15)*(0.5/2)),3) -> 2434.07 | K55: =A15 -> 2024Q4 | M55: =ROUND(C15-((D15-C15)*(1/2)),3) -> 499.287 | P55: =ROUND(F15-((G15-F15)*(1/2)),3) -> 2185.185
... A75: =A35 -> 2029Q4 | C75: =ROUND(C35-((D35-C35)*(0.5/2)),3) -> 553.533 | F75: =ROUND(F35-((G35-F35)*(0.5/2)),3) -> 2616.98 | K75: =A35 -> 2029Q4 | M75: =ROUND(C35-((D35-C35)*(1/2)),3) -> 535.655 | P75: =ROUND(F35-((G35-F35)*(1/2)),3) -> 2226.357

Sheet CIBCCA
A1: CIBCCA | L1: ACSS | S1: LVTS
B2: ACSS +USBE | E2: LVTS | L2: Point Forecast | M2: Lo 95 | N2: Hi 95 | O2: Lo 95 | P2: Point Forecast | Q2: Hi 95 | S2: Point Forecast | T2: Lo 95 | U2: Hi 95 | V2: Lo 95 | W2: Point Forecast | X2: Hi 95
A3: Year | B3: Lower Bound | C3: Value Forecast (billions) | D3: Upper Bound | E3: Lower Bound | F3: Value Forecast (billions) | G3: Upper Bound | K3: 2022Q1 | L3: 528.33309 | M3: 496.63226 | N3: 560.03392 | O3: =ROUND(M3,3) -> 496.632 | P3: =ROUND(L3,3) -> 528.333 | Q3: =ROUND(N3,3) -> 560.034 | R3: =K3 -> 2022Q1 | S3: 5590.671 | T3: 4966.1479 | U3: 6215.1941 | V3: =ROUND(T3,3) -> 4966.148 | W3: =ROUND(S3,3) -> 5590.671 | X3: =ROUND(U3,3) -> 6215.194
A4: =K3 -> 2022Q1 | B4: =O3 -> 496.632 | C4: =P3 -> 528.333 | D4: =Q3 -> 560.034 | E4: =V3 -> 4966.148 | F4: =W3 -> 5590.671 | G4: =X3 -> 6215.194 | K4: 2022Q2 | L4: 560.79552 | M4: 514.85851 | N4: 606.73252 | O4: =ROUND(M4,3) -> 514.859 | P4: =ROUND(L4,3) -> 560.796 | Q4: =ROUND(N4,3) -> 606.733 | R4: =K4 -> 2022Q2 | S4: 5749.5821 | T4: 4811.1846 | U4: 6687.9796 | V4: =ROUND(T4,3) -> 4811.185 | W4: =ROUND(S4,3) -> 5749.582 | X4: =ROUND(U4,3) -> 6687.98
A5: =K4 -> 2022Q2 | B5: =O4 -> 514.859 | C5: =P4 -> 560.796 | D5: =Q4 -> 606.733 | E5: =V4 -> 4811.185 | F5: =W4 -> 5749.582 | G5: =X4 -> 6687.98 | I5: =SUM(F5:F8) -> 22865.195 | K5: 2022Q3 | L5: 561.0799 | M5: 505.35341 | N5: 616.80639 | O5: =ROUND(M5,3) -> 505.353 | P5: =ROUND(L5,3) -> 561.08 | Q5: =ROUND(N5,3) -> 616.806 | R5: =K5 -> 2022Q3 | S5: 5715.2902 | T5: 4530.3106 | U5: 6900.2697 | V5: =ROUND(T5,3) -> 4530.311 | W5: =ROUND(S5,3) -> 5715.29 | X5: =ROUND(U5,3) -> 6900.27
A6: =K5 -> 2022Q3 | B6: =O5 -> 505.353 | C6: =P5 -> 561.08 | D6: =Q5 -> 616.806 | E6: =V5 -> 4530.311 | F6: =W5 -> 5715.29 | G6: =X5 -> 6900.27 | I6: =SUM(F9:F12) -> 23428.915 | K6: 2022Q4 | L6: 561.66752 | M6: 498.40935 | N6: 624.92569 | O6: =ROUND(M6,3) -> 498.409 | P6: =ROUND(L6,3) -> 561.668 | Q6: =ROUND(N6,3) -> 624.926 | R6: =K6 -> 2022Q4 | S6: 5676.5863 | T6: 4284.4395 | U6: 7068.7331 | V6: =ROUND(T6,3) -> 4284.44 | W6: =ROUND(S6,3) -> 5676.586 | X6: =ROUND(U6,3) -> 7068.733
A7: =K6 -> 2022Q4 | B7: =O6 -> 498.409 | C7: =P6 -> 561.668 | D7: =Q6 -> 624.926 | E7: =V6 -> 4284.44 | F7: =W6 -> 5676.586 | G7: =X6 -> 7068.733 | I7: =SUM(F13:F16) -> 23996.453 | K7: 2023Q1 | L7: 522.92842 | M7: 453.58482 | N7: 592.27203 | O7: =ROUND(M7,3) -> 453.585 | P7: =ROUND(L7,3) -> 522.928 | Q7: =ROUND(N7,3) -> 592.272 | R7: =K7 -> 2023Q1 | S7: 5723.7371 | T7: 4150.4793 | U7: 7296.9948 | V7: =ROUND(T7,3) -> 4150.479 | W7: =ROUND(S7,3) -> 5723.737 | X7: =ROUND(U7,3) -> 7296.995
A8: =K7 -> 2023Q1 | B8: =O7 -> 453.585 | C8: =P7 -> 522.928 | D8: =Q7 -> 592.272 | E8: =V7 -> 4150.479 | F8: =W7 -> 5723.737 | G8: =X7 -> 7296.995 | I8: =SUM(F17:F20) -> 24564.024 | K8: 2023Q2 | L8: 555.97549 | M8: 481.57695 | N8: 630.37402 | O8: =ROUND(M8,3) -> 481.577 | P8: =ROUND(L8,3) -> 555.975 | Q8: =ROUND(N8,3) -> 630.374 | R8: =K8 -> 2023Q2 | S8: 5888.7769 | T8: 4152.926 | U8: 7624.6278 | V8: =ROUND(T8,3) -> 4152.926 | W8: =ROUND(S8,3) -> 5888.777 | X8: =ROUND(U8,3) -> 7624.628
A9: =K8 -> 2023Q2 | B9: =O8 -> 481.577 | C9: =P8 -> 555.975 | D9: =Q8 -> 630.374 | E9: =V8 -> 4152.926 | F9: =W8 -> 5888.777 | G9: =X8 -> 7624.628 | I9: =SUM(F21:F24) -> 25131.593 | K9: 2023Q3 | L9: 556.81464 | M9: 478.14182 | N9: 635.48746 | O9: =ROUND(M9,3) -> 478.142 | P9: =ROUND(L9,3) -> 556.815 | Q9: =ROUND(N9,3) -> 635.487 | R9: =K9 -> 2023Q3 | S9: 5856.3583 | T9: 3971.8122 | U9: 7740.9043 | V9: =ROUND(T9,3) -> 3971.812 | W9: =ROUND(S9,3) -> 5856.358 | X9: =ROUND(U9,3) -> 7740.904
A10: =K9 -> 2023Q3 | B10: =O9 -> 478.142 | C10: =P9 -> 556.815 | D10: =Q9 -> 635.487 | E10: =V9 -> 3971.812 | F10: =W9 -> 5856.358 | G10: =X9 -> 7740.904 | I10: =SUM(F25:F28) -> 25699.165 | K10: 2023Q4 | L10: 557.9287 | M10: 475.59676 | N10: 640.26063 | O10: =ROUND(M10,3) -> 475.597 | P10: =ROUND(L10,3) -> 557.929 | Q10: =ROUND(N10,3) -> 640.261 | R10: =K10 -> 2023Q4 | S10: 5818.227 | T10: 3795.867 | U10: 7840.5871 | V10: =ROUND(T10,3) -> 3795.867 | W10: =ROUND(S10,3) -> 5818.227 | X10: =ROUND(U10,3) -> 7840.587
A11: =K10 -> 2023Q4 | B11: =O10 -> 475.597 | C11: =P10 -> 557.929 | D11: =Q10 -> 640.261 | E11: =V10 -> 3795.867 | F11: =W10 -> 5818.227 | G11: =X10 -> 7840.587 | I11: =SUM(F29:F32) -> 26266.737 | K11: 2024Q1 | L11: 519.68914 | M11: 434.19626 | N11: 605.18203 | O11: =ROUND(M11,3) -> 434.196 | P11: =ROUND(L11,3) -> 519.689 | Q11: =ROUND(N11,3) -> 605.182 | R11: =K11 -> 2024Q1 | S11: 5865.5528 | T11: 3714.1825 | U11: 8016.9231 | V11: =ROUND(T11,3) -> 3714.183 | W11: =ROUND(S11,3) -> 5865.553 | X11: =ROUND(U11,3) -> 8016.923
A12: =K11 -> 2024Q1 | B12: =O11 -> 434.196 | C12: =P11 -> 519.689 | D12: =Q11 -> 605.182 | E12: =V11 -> 3714.183 | F12: =W11 -> 5865.553 | G12: =X11 -> 8016.923 | K12: 2024Q2 | L12: 553.21023 | M12: 464.96791 | N12: 641.45255 | O12: =ROUND(M12,3) -> 464.968 | P12: =ROUND(L12,3) -> 553.21 | Q12: =ROUND(N12,3) -> 641.453 | R12: =K12 -> 2024Q2 | S12: 6030.6461 | T12: 3757.5741 | U12: 8303.7182 | V12: =ROUND(T12,3) -> 3757.574 | W12: =ROUND(S12,3) -> 6030.646 | X12: =ROUND(U12,3) -> 8303.718
A13: =K12 -> 2024Q2 | B13: =O12 -> 464.968 | C13: =P12 -> 553.21 | D13: =Q12 -> 641.453 | E13: =V12 -> 3757.574 | F13: =W12 -> 6030.646 | G13: =X12 -> 8303.718 | K13: 2024Q3 | L13: 554.4992 | M13: 463.85248 | N13: 645.14591 | O13: =ROUND(M13,3) -> 463.852 | P13: =ROUND(L13,3) -> 554.499 | Q13: =ROUND(N13,3) -> 645.146 | R13: =K13 -> 2024Q3 | S13: 5998.2439 | T13: 3609.6623 | U13: 8386.8254 | V13: =ROUND(T13,3) -> 3609.662 | W13: =ROUND(S13,3) -> 5998.244 | X13: =ROUND(U13,3) -> 8386.825
A14: =K13 -> 2024Q3 | B14: =O13 -> 463.852 | C14: =P13 -> 554.499 | D14: =Q13 -> 645.146 | E14: =V13 -> 3609.662 | F14: =W13 -> 5998.244 | G14: =X13 -> 8386.825 | K14: 2024Q4 | L14: 556.04009 | M14: 463.28166 | N14: 648.79852 | O14: =ROUND(M14,3) -> 463.282 | P14: =ROUND(L14,3) -> 556.04 | Q14: =ROUND(N14,3) -> 648.799 | R14: =K14 -> 2024Q4 | S14: 5960.1176 | T14: 3461.3604 | U14: 8458.8748 | V14: =ROUND(T14,3) -> 3461.36 | W14: =ROUND(S14,3) -> 5960.118 | X14: =ROUND(U14,3) -> 8458.875
A15: =K14 -> 2024Q4 | B15: =O14 -> 463.282 | C15: =P14 -> 556.04 | D15: =Q14 -> 648.799 | E15: =V14 -> 3461.36 | F15: =W14 -> 5960.118 | G15: =X14 -> 8458.875 | K15: 2025Q1 | L15: 518.20557 | M15: 423.58596 | N15: 612.82518 | O15: =ROUND(M15,3) -> 423.586 | P15: =ROUND(L15,3) -> 518.206 | Q15: =ROUND(N15,3) -> 612.825 | R15: =K15 -> 2025Q1 | S15: 6007.4449 | T15: 3403.1689 | U15: 8611.7209 | V15: =ROUND(T15,3) -> 3403.169 | W15: =ROUND(S15,3) -> 6007.445 | X15: =ROUND(U15,3) -> 8611.721
A16: =K15 -> 2025Q1 | B16: =O15 -> 423.586 | C16: =P15 -> 518.206 | D16: =Q15 -> 612.825 | E16: =V15 -> 3403.169 | F16: =W15 -> 6007.445 | G16: =X15 -> 8611.721 | K16: 2025Q2 | L16: 552.111 | M16: 455.84629 | N16: 648.37571 | O16: =ROUND(M16,3) -> 455.846 | P16: =ROUND(L16,3) -> 552.111 | Q16: =ROUND(N16,3) -> 648.376 | R16: =K16 -> 2025Q2 | S16: 6172.5387 | T16: 3466.8558 | U16: 8878.2216 | V16: =ROUND(T16,3) -> 3466.856 | W16: =ROUND(S16,3) -> 6172.539 | X16: =ROUND(U16,3) -> 8878.222
A17: =K16 -> 2025Q2 | B17: =O16 -> 455.846 | C17: =P16 -> 552.111 | D17: =Q16 -> 648.376 | E17: =V16 -> 3466.856 | F17: =W16 -> 6172.539 | G17: =X16 -> 8878.222 | K17: 2025Q3 | L17: 553.76468 | M17: 456.04233 | N17: 651.48703 | O17: =ROUND(M17,3) -> 456.042 | P17: =ROUND(L17,3) -> 553.765 | Q17: =ROUND(N17,3) -> 651.487 | R17: =K17 -> 2025Q3 | S17: 6140.1366 | T17: 3336.7126 | U17: 8943.5606 | V17: =ROUND(T17,3) -> 3336.713 | W17: =ROUND(S17,3) -> 6140.137 | X17: =ROUND(U17,3) -> 8943.561
A18: =K17 -> 2025Q3 | B18: =O17 -> 456.042 | C18: =P17 -> 553.765 | D18: =Q17 -> 651.487 | E18: =V17 -> 3336.713 | F18: =W17 -> 6140.137 | G18: =X17 -> 8943.561 | K18: 2025Q4 | L18: 555.65165 | M18: 456.63513 | N18: 654.66816 | O18: =ROUND(M18,3) -> 456.635 | P18: =ROUND(L18,3) -> 555.652 | Q18: =ROUND(N18,3) -> 654.668 | R18: =K18 -> 2025Q4 | S18: 6102.0104 | T18: 3204.1401 | U18: 8999.8807 | V18: =ROUND(T18,3) -> 3204.14 | W18: =ROUND(S18,3) -> 6102.01 | X18: =ROUND(U18,3) -> 8999.881
A19: =K18 -> 2025Q4 | B19: =O18 -> 456.635 | C19: =P18 -> 555.652 | D19: =Q18 -> 654.668 | E19: =V18 -> 3204.14 | F19: =W18 -> 6102.01 | G19: =X18 -> 8999.881 | K19: 2026Q1 | L19: 518.14553 | M19: 417.97799 | N19: 618.31307 | O19: =ROUND(M19,3) -> 417.978 | P19: =ROUND(L19,3) -> 518.146 | Q19: =ROUND(N19,3) -> 618.313 | R19: =K19 -> 2026Q1 | S19: 6149.3377 | T19: 3160.0035 | U19: 9138.6718 | V19: =ROUND(T19,3) -> 3160.004 | W19: =ROUND(S19,3) -> 6149.338 | X19: =ROUND(U19,3) -> 9138.672
A20: =K19 -> 2026Q1 | B20: =O19 -> 417.978 | C20: =P19 -> 518.146 | D20: =Q19 -> 618.313 | E20: =V19 -> 3160.004 | F20: =W19 -> 6149.338 | G20: =X19 -> 9138.672 | K20: 2026Q2 | L20: 552.36259 | M20: 451.16982 | N20: 653.55536 | O20: =ROUND(M20,3) -> 451.17 | P20: =ROUND(L20,3) -> 552.363 | Q20: =ROUND(N20,3) -> 653.555 | R20: =K20 -> 2026Q2 | S20: 6314.4315 | T20: 3236.3501 | U20: 9392.5128 | V20: =ROUND(T20,3) -> 3236.35 | W20: =ROUND(S20,3) -> 6314.431 | X20: =ROUND(U20,3) -> 9392.513
A21: =K20 -> 2026Q2 | B21: =O20 -> 451.17 | C21: =P20 -> 552.363 | D21: =Q20 -> 653.555 | E21: =V20 -> 3236.35 | F21: =W20 -> 6314.431 | G21: =X20 -> 9392.513 | K21: 2026Q3 | L21: 554.31197 | M21: 452.20484 | N21: 656.4191 | O21: =ROUND(M21,3) -> 452.205 | P21: =ROUND(L21,3) -> 554.312 | Q21: =ROUND(N21,3) -> 656.419 | R21: =K21 -> 2026Q3 | S21: 6282.0293 | T21: 3117.6888 | U21: 9446.3699 | V21: =ROUND(T21,3) -> 3117.689 | W21: =ROUND(S21,3) -> 6282.029 | X21: =ROUND(U21,3) -> 9446.37
A22: =K21 -> 2026Q3 | B22: =O21 -> 452.205 | C22: =P21 -> 554.312 | D22: =Q21 -> 656.419 | E22: =V21 -> 3117.689 | F22: =W21 -> 6282.029 | G22: =X21 -> 9446.37 | K22: 2026Q4 | L22: 556.47954 | M22: 453.55603 | N22: 659.40306 | O22: =ROUND(M22,3) -> 453.556 | P22: =ROUND(L22,3) -> 556.48 | Q22: =ROUND(N22,3) -> 659.403 | R22: =K22 -> 2026Q4 | S22: 6243.9031 | T22: 2995.5932 | U22: 9492.2131 | V22: =ROUND(T22,3) -> 2995.593 | W22: =ROUND(S22,3) -> 6243.903 | X22: =ROUND(U22,3) -> 9492.213
A23: =K22 -> 2026Q4 | B23: =O22 -> 453.556 | C23: =P22 -> 556.48 | D23: =Q22 -> 659.403 | E23: =V22 -> 2995.593 | F23: =W22 -> 6243.903 | G23: =X22 -> 9492.213 | K23: 2027Q1 | L23: 519.2397 | M23: 415.58657 | N23: 622.89282 | O23: =ROUND(M23,3) -> 415.587 | P23: =ROUND(L23,3) -> 519.24 | Q23: =ROUND(N23,3) -> 622.893 | R23: =K23 -> 2027Q1 | S23: 6291.2304 | T23: 2961.0678 | U23: 9621.3931 | V23: =ROUND(T23,3) -> 2961.068 | W23: =ROUND(S23,3) -> 6291.23 | X23: =ROUND(U23,3) -> 9621.393
... A34: =K33 -> 2029Q3 | B34: =O33 -> 453.6 | C34: =P33 -> 561.44 | D34: =Q33 -> 669.281 | E34: =V33 -> 2648.811 | F34: =W33 -> 6707.708 | G34: =X33 -> 10766.605 | K34: 2029Q4 | L34: 564.16947 | M34: 456.10898 | N34: 672.22997 | O34: =ROUND(M34,3) -> 456.109 | P34: =ROUND(L34,3) -> 564.169 | Q34: =ROUND(N34,3) -> 672.23 | R34: =K34 -> 2029Q4 | S34: 6669.5815 | T34: 2544.8861 | U34: 10794.277 | V34: =ROUND(T34,3) -> 2544.886 | W34: =ROUND(S34,3) -> 6669.581 | X34: =ROUND(U34,3) -> 10794.277
A35: =K34 -> 2029Q4 | B35: =O34 -> 456.109 | C35: =P34 -> 564.169 | D35: =Q34 -> 672.23 | E35: =V34 -> 2544.886 | F35: =W34 -> 6669.581 | G35: =X34 -> 10794.277
A38: Mean | C38: =AVERAGE(C4:C35) -> 548.19231 | F38: =AVERAGE(F4:F35) -> 6176.8798
A41: CIBCCA (Minus 0.5 Standard Deviation) | K41: CIBCCA (Minus 1 Standard Deviation)
B42: ACSS +USBE | E42: LVTS | L42: ACSS +USBE | O42: LVTS
A43: Year | B43: Lower Bound | C43: Forecast Minus Half A Standard Deviation (billions) | D43: Upper Bound | E43: Lower Bound | F43: =C43 -> Forecast Minus Half A Standard Deviation (billions) | G43: Upper Bound | K43: Year | L43: Lower Bound | M43: Forecast Minus One Standard Deviation (billions) | N43: Upper Bound | O43: Lower Bound | P43: =M43 -> Forecast Minus One Standard Deviation (billions) | Q43: Upper Bound
A44: =A4 -> 2022Q1 | C44: =ROUND(C4-((D4-C4)*(0.5/2)),3) -> 520.408 | F44: =ROUND(F4-((G4-F4)*(0.5/2)),3) -> 5434.54 | K44: =A4 -> 2022Q1 | M44: =ROUND(C4-((D4-C4)*(1/2)),3) -> 512.483 | P44: =ROUND(F4-((G4-F4)*(1/2)),3) -> 5278.41
A45: =A5 -> 2022Q2 | C45: =ROUND(C5-((D5-C5)*(0.5/2)),3) -> 549.312 | F45: =ROUND(F5-((G5-F5)*(0.5/2)),3) -> 5514.983 | K45: =A5 -> 2022Q2 | M45: =ROUND(C5-((D5-C5)*(1/2)),3) -> 537.828 | P45: =ROUND(F5-((G5-F5)*(1/2)),3) -> 5280.383
A46: =A6 -> 2022Q3 | C46: =ROUND(C6-((D6-C6)*(0.5/2)),3) -> 547.149 | F46: =ROUND(F6-((G6-F6)*(0.5/2)),3) -> 5419.045 | K46: =A6 -> 2022Q3 | M46: =ROUND(C6-((D6-C6)*(1/2)),3) -> 533.217 | P46: =ROUND(F6-((G6-F6)*(1/2)),3) -> 5122.8
A47: =A7 -> 2022Q4 | C47: =ROUND(C7-((D7-C7)*(0.5/2)),3) -> 545.854 | F47: =ROUND(F7-((G7-F7)*(0.5/2)),3) -> 5328.549 | K47: =A7 -> 2022Q4 | M47: =ROUND(C7-((D7-C7)*(1/2)),3) -> 530.039 | P47: =ROUND(F7-((G7-F7)*(1/2)),3) -> 4980.513
A48: =A8 -> 2023Q1 | C48: =ROUND(C8-((D8-C8)*(0.5/2)),3) -> 505.592 | F48: =ROUND(F8-((G8-F8)*(0.5/2)),3) -> 5330.423 | K48: =A8 -> 2023Q1 | M48: =ROUND(C8-((D8-C8)*(1/2)),3) -> 488.256 | P48: =ROUND(F8-((G8-F8)*(1/2)),3) -> 4937.108
A49: =A9 -> 2023Q2 | C49: =ROUND(C9-((D9-C9)*(0.5/2)),3) -> 537.375 | F49: =ROUND(F9-((G9-F9)*(0.5/2)),3) -> 5454.814 | K49: =A9 -> 2023Q2 | M49: =ROUND(C9-((D9-C9)*(1/2)),3) -> 518.776 | P49: =ROUND(F9-((G9-F9)*(1/2)),3) -> 5020.852
A50: =A10 -> 2023Q3 | C50: =ROUND(C10-((D10-C10)*(0.5/2)),3) -> 537.147 | F50: =ROUND(F10-((G10-F10)*(0.5/2)),3) -> 5385.222 | K50: =A10 -> 2023Q3 | M50: =ROUND(C10-((D10-C10)*(1/2)),3) -> 517.479 | P50: =ROUND(F10-((G10-F10)*(1/2)),3) -> 4914.085
A51: =A11 -> 2023Q4 | C51: =ROUND(C11-((D11-C11)*(0.5/2)),3) -> 537.346 | F51: =ROUND(F11-((G11-F11)*(0.5/2)),3) -> 5312.637 | K51: =A11 -> 2023Q4 | M51: =ROUND(C11-((D11-C11)*(1/2)),3) -> 516.763 | P51: =ROUND(F11-((G11-F11)*(1/2)),3) -> 4807.047
A52: =A12 -> 2024Q1 | C52: =ROUND(C12-((D12-C12)*(0.5/2)),3) -> 498.316 | F52: =ROUND(F12-((G12-F12)*(0.5/2)),3) -> 5327.711 | K52: =A12 -> 2024Q1 | M52: =ROUND(C12-((D12-C12)*(1/2)),3) -> 476.943 | P52: =ROUND(F12-((G12-F12)*(1/2)),3) -> 4789.868
A53: =A13 -> 2024Q2 | C53: =ROUND(C13-((D13-C13)*(0.5/2)),3) -> 531.149 | F53: =ROUND(F13-((G13-F13)*(0.5/2)),3) -> 5462.378 | K53: =A13 -> 2024Q2 | M53: =ROUND(C13-((D13-C13)*(1/2)),3) -> 509.089 | P53: =ROUND(F13-((G13-F13)*(1/2)),3) -> 4894.11
A54: =A14 -> 2024Q3 | C54: =ROUND(C14-((D14-C14)*(0.5/2)),3) -> 531.837 | F54: =ROUND(F14-((G14-F14)*(0.5/2)),3) -> 5401.099 | K54: =A14 -> 2024Q3 | M54: =ROUND(C14-((D14-C14)*(1/2)),3) -> 509.176 | P54: =ROUND(F14-((G14-F14)*(1/2)),3) -> 4803.954
A55: =A15 -> 2024Q4 | C55: =ROUND(C15-((D15-C15)*(0.5/2)),3) -> 532.85 | F55: =ROUND(F15-((G15-F15)*(0.5/2)),3) -> 5335.429 | K55: =A15 -> 2024Q4 | M55: =ROUND(C15-((D15-C15)*(1/2)),3) -> 509.661 | P55: =ROUND(F15-((G15-F15)*(1/2)),3) -> 4710.74
... A75: =A35 -> 2029Q4 | C75: =ROUND(C35-((D35-C35)*(0.5/2)),3) -> 537.154 | F75: =ROUND(F35-((G35-F35)*(0.5/2)),3) -> 5638.407 | K75: =A35 -> 2029Q4 | M75: =ROUND(C35-((D35-C35)*(1/2)),3) -> 510.139 | P75: =ROUND(F35-((G35-F35)*(1/2)),3) -> 4607.233

Sheet CCDQCA
A1: CCDQCA | L1: ACSS | S1: LVTS
B2: ACSS +USBE | E2: LVTS | L2: Point Forecast | M2: Lo 95 | N2: Hi 95 | O2: Lo 95 | P2: Point Forecast | Q2: Hi 95 | S2: Point Forecast | T2: Lo 95 | U2: Hi 95 | V2: Lo 95 | W2: Point Forecast | X2: Hi 95
A3: Year | B3: Lower Bound | C3: Value Forecast (billions) | D3: Upper Bound | E3: Lower Bound | F3: Value Forecast (billions) | G3: Upper Bound | K3: 2022Q1 | L3: 204.42989 | M3: 190.56894 | N3: 218.29085 | O3: =ROUND(M3,3) -> 190.569 | P3: =ROUND(L3,3) -> 204.43 | Q3: =ROUND(N3,3) -> 218.291 | R3: =K3 -> 2022Q1 | S3: 1297.8885 | T3: 1075.7189 | U3: 1520.058 | V3: =ROUND(T3,3) -> 1075.719 | W3: =ROUND(S3,3) -> 1297.888 | X3: =ROUND(U3,3) -> 1520.058
A4: =K3 -> 2022Q1 | B4: =O3 -> 190.569 | C4: =P3 -> 204.43 | D4: =Q3 -> 218.291 | E4: =V3 -> 1075.719 | F4: =W3 -> 1297.888 | G4: =X3 -> 1520.058 | K4: 2022Q2 | L4: 221.70004 | M4: 205.78967 | N4: 237.61042 | O4: =ROUND(M4,3) -> 205.79 | P4: =ROUND(L4,3) -> 221.7 | Q4: =ROUND(N4,3) -> 237.61 | R4: =K4 -> 2022Q2 | S4: 1315.8361 | T4: 1052.5026 | U4: 1579.1696 | V4: =ROUND(T4,3) -> 1052.503 | W4: =ROUND(S4,3) -> 1315.836 | X4: =ROUND(U4,3) -> 1579.17
A5: =K4 -> 2022Q2 | B5: =O4 -> 205.79 | C5: =P4 -> 221.7 | D5: =Q4 -> 237.61 | E5: =V4 -> 1052.503 | F5: =W4 -> 1315.836 | G5: =X4 -> 1579.17 | I5: =SUM(F5:F8) -> 5290.65 | K5: 2022Q3 | L5: 214.28926 | M5: 197.01751 | N5: 231.561 | O5: =ROUND(M5,3) -> 197.018 | P5: =ROUND(L5,3) -> 214.289 | Q5: =ROUND(N5,3) -> 231.561 | R5: =K5 -> 2022Q3 | S5: 1301.2795 | T5: 1005.0446 | U5: 1597.5145 | V5: =ROUND(T5,3) -> 1005.045 | W5: =ROUND(S5,3) -> 1301.28 | X5: =ROUND(U5,3) -> 1597.514
A6: =K5 -> 2022Q3 | B6: =O5 -> 197.018 | C6: =P5 -> 214.289 | D6: =Q5 -> 231.561 | E6: =V5 -> 1005.045 | F6: =W5 -> 1301.28 | G6: =X5 -> 1597.514 | I6: =SUM(F9:F12) -> 5502.428 | K6: 2022Q4 | L6: 216.60798 | M6: 198.39374 | N6: 234.82221 | O6: =ROUND(M6,3) -> 198.394 | P6: =ROUND(L6,3) -> 216.608 | Q6: =ROUND(N6,3) -> 234.822 | R6: =K6 -> 2022Q4 | S6: 1329.941 | T6: 1004.2765 | U6: 1655.6056 | V6: =ROUND(T6,3) -> 1004.276 | W6: =ROUND(S6,3) -> 1329.941 | X6: =ROUND(U6,3) -> 1655.606
A7: =K6 -> 2022Q4 | B7: =O6 -> 198.394 | C7: =P6 -> 216.608 | D7: =Q6 -> 234.822 | E7: =V6 -> 1004.276 | F7: =W6 -> 1329.941 | G7: =X6 -> 1655.606 | I7: =SUM(F13:F16) -> 5714.766 | K7: 2023Q1 | L7: 204.8715 | M7: 185.98976 | N7: 223.75323 | O7: =ROUND(M7,3) -> 185.99 | P7: =ROUND(L7,3) -> 204.871 | Q7: =ROUND(N7,3) -> 223.753 | R7: =K7 -> 2023Q1 | S7: 1343.5929 | T7: 990.95707 | U7: 1696.2288 | V7: =ROUND(T7,3) -> 990.957 | W7: =ROUND(S7,3) -> 1343.593 | X7: =ROUND(U7,3) -> 1696.229
A8: =K7 -> 2023Q1 | B8: =O7 -> 185.99 | C8: =P7 -> 204.871 | D8: =Q7 -> 223.753 | E8: =V7 -> 990.957 | F8: =W7 -> 1343.593 | G8: =X7 -> 1696.229 | I8: =SUM(F17:F20) -> 5927.103 | K8: 2023Q2 | L8: 222.96009 | M8: 203.59897 | N8: 242.32121 | O8: =ROUND(M8,3) -> 203.599 | P8: =ROUND(L8,3) -> 222.96 | Q8: =ROUND(N8,3) -> 242.321 | R8: =K8 -> 2023Q2 | S8: 1368.4013 | T8: 990.71598 | U8: 1746.0866 | V8: =ROUND(T8,3) -> 990.716 | W8: =ROUND(S8,3) -> 1368.401 | X8: =ROUND(U8,3) -> 1746.087
A9: =K8 -> 2023Q2 | B9: =O8 -> 203.599 | C9: =P8 -> 222.96 | D9: =Q8 -> 242.321 | E9: =V8 -> 990.716 | F9: =W8 -> 1368.401 | G9: =X8 -> 1746.087 | I9: =SUM(F21:F24) -> 6139.44 | K9: 2023Q3 | L9: 216.25352 | M9: 196.545 | N9: 235.96205 | O9: =ROUND(M9,3) -> 196.545 | P9: =ROUND(L9,3) -> 216.254 | Q9: =ROUND(N9,3) -> 235.962 | R9: =K9 -> 2023Q3 | S9: 1354.3273 | T9: 953.15367 | U9: 1755.501 | V9: =ROUND(T9,3) -> 953.154 | W9: =ROUND(S9,3) -> 1354.327 | X9: =ROUND(U9,3) -> 1755.501
A10: =K9 -> 2023Q3 | B10: =O9 -> 196.545 | C10: =P9 -> 216.254 | D10: =Q9 -> 235.962 | E10: =V9 -> 953.154 | F10: =W9 -> 1354.327 | G10: =X9 -> 1755.501 | I10: =SUM(F25:F28) -> 6351.776 | K10: 2023Q4 | L10: 219.17819 | M10: 199.21635 | N10: 239.14004 | O10: =ROUND(M10,3) -> 199.216 | P10: =ROUND(L10,3) -> 219.178 | Q10: =ROUND(N10,3) -> 239.14 | R10: =K10 -> 2023Q4 | S10: 1383.0227 | T10: 959.66192 | U10: 1806.3836 | V10: =ROUND(T10,3) -> 959.662 | W10: =ROUND(S10,3) -> 1383.023 | X10: =ROUND(U10,3) -> 1806.384
A11: =K10 -> 2023Q4 | B11: =O10 -> 199.216 | C11: =P10 -> 219.178 | D11: =Q10 -> 239.14 | E11: =V10 -> 959.662 | F11: =W10 -> 1383.023 | G11: =X10 -> 1806.384 | I11: =SUM(F29:F32) -> 6564.114 | K11: 2024Q1 | L11: 207.9631 | M11: 187.81576 | N11: 228.11045 | O11: =ROUND(M11,3) -> 187.816 | P11: =ROUND(L11,3) -> 207.963 | Q11: =ROUND(N11,3) -> 228.11 | R11: =K11 -> 2024Q1 | S11: 1396.677 | T11: 952.23528 | U11: 1841.1188 | V11: =ROUND(T11,3) -> 952.235 | W11: =ROUND(S11,3) -> 1396.677 | X11: =ROUND(U11,3) -> 1841.119
A12: =K11 -> 2024Q1 | B12: =O11 -> 187.816 | C12: =P11 -> 207.963 | D12: =Q11 -> 228.11 | E12: =V11 -> 952.235 | F12: =W11 -> 1396.677 | G12: =X11 -> 1841.119 | K12: 2024Q2 | L12: 226.50032 | M12: 206.21673 | N12: 246.78391 | O12: =ROUND(M12,3) -> 206.217 | P12: =ROUND(L12,3) -> 226.5 | Q12: =ROUND(N12,3) -> 246.784 | R12: =K12 -> 2024Q2 | S12: 1421.4856 | T12: 956.91848 | U12: 1886.0526 | V12: =ROUND(T12,3) -> 956.918 | W12: =ROUND(S12,3) -> 1421.486 | X12: =ROUND(U12,3) -> 1886.053
A13: =K12 -> 2024Q2 | B13: =O12 -> 206.217 | C13: =P12 -> 226.5 | D13: =Q12 -> 246.784 | E13: =V12 -> 956.918 | F13: =W12 -> 1421.486 | G13: =X12 -> 1886.053 | K13: 2024Q3 | L13: 220.17978 | M13: 199.79591 | N13: 240.56366 | O13: =ROUND(M13,3) -> 199.796 | P13: =ROUND(L13,3) -> 220.18 | Q13: =ROUND(N13,3) -> 240.564 | R13: =K13 -> 2024Q3 | S13: 1407.4116 | T13: 923.55556 | U13: 1891.2676 | V13: =ROUND(T13,3) -> 923.556 | W13: =ROUND(S13,3) -> 1407.412 | X13: =ROUND(U13,3) -> 1891.268
A14: =K13 -> 2024Q3 | B14: =O13 -> 199.796 | C14: =P13 -> 220.18 | D14: =Q13 -> 240.564 | E14: =V13 -> 923.556 | F14: =W13 -> 1407.412 | G14: =X13 -> 1891.268 | K14: 2024Q4 | L14: 223.4366 | M14: 202.9788 | N14: 243.89441 | O14: =ROUND(M14,3) -> 202.979 | P14: =ROUND(L14,3) -> 223.437 | Q14: =ROUND(N14,3) -> 243.894 | R14: =K14 -> 2024Q4 | S14: 1436.107 | T14: 933.70205 | U14: 1938.512 | V14: =ROUND(T14,3) -> 933.702 | W14: =ROUND(S14,3) -> 1436.107 | X14: =ROUND(U14,3) -> 1938.512
A15: =K14 -> 2024Q4 | B15: =O14 -> 202.979 | C15: =P14 -> 223.437 | D15: =Q14 -> 243.894 | E15: =V14 -> 933.702 | F15: =W14 -> 1436.107 | G15: =X14 -> 1938.512 | K15: 2025Q1 | L15: 212.50731 | M15: 191.99494 | N15: 233.01968 | O15: =ROUND(M15,3) -> 191.995 | P15: =ROUND(L15,3) -> 212.507 | Q15: =ROUND(N15,3) -> 233.02 | R15: =K15 -> 2025Q1 | S15: 1449.7613 | T15: 929.46828 | U15: 1970.0544 | V15: =ROUND(T15,3) -> 929.468 | W15: =ROUND(S15,3) -> 1449.761 | X15: =ROUND(U15,3) -> 1970.054
A16: =K15 -> 2025Q1 | B16: =O15 -> 191.995 | C16: =P15 -> 212.507 | D16: =Q15 -> 233.02 | E16: =V15 -> 929.468 | F16: =W15 -> 1449.761 | G16: =X15 -> 1970.054 | K16: 2025Q2 | L16: 231.29045 | M16: 210.73777 | N16: 251.84313 | O16: =ROUND(M16,3) -> 210.738 | P16: =ROUND(L16,3) -> 231.29 | Q16: =ROUND(N16,3) -> 251.843 | R16: =K16 -> 2025Q2 | S16: 1474.5698 | T16: 936.98362 | U16: 2012.156 | V16: =ROUND(T16,3) -> 936.984 | W16: =ROUND(S16,3) -> 1474.57 | X16: =ROUND(U16,3) -> 2012.156
A17: =K16 -> 2025Q2 | B17: =O16 -> 210.738 | C17: =P16 -> 231.29 | D17: =Q16 -> 251.843 | E17: =V16 -> 936.984 | F17: =W16 -> 1474.57 | G17: =X16 -> 2012.156 | K17: 2025Q3 | L17: 225.18151 | M17: 204.59904 | N17: 245.76397 | O17: =ROUND(M17,3) -> 204.599 | P17: =ROUND(L17,3) -> 225.182 | Q17: =ROUND(N17,3) -> 245.764 | R17: =K17 -> 2025Q3 | S17: 1460.4959 | T17: 906.1557 | U17: 2014.836 | V17: =ROUND(T17,3) -> 906.156 | W17: =ROUND(S17,3) -> 1460.496 | X17: =ROUND(U17,3) -> 2014.836
A18: =K17 -> 2025Q3 | B18: =O17 -> 204.599 | C18: =P17 -> 225.182 | D18: =Q17 -> 245.764 | E18: =V17 -> 906.156 | F18: =W17 -> 1460.496 | G18: =X17 -> 2014.836 | K18: 2025Q4 | L18: 228.6204 | M18: 208.0159 | N18: 249.22489 | O18: =ROUND(M18,3) -> 208.016 | P18: =ROUND(L18,3) -> 228.62 | Q18: =ROUND(N18,3) -> 249.225 | R18: =K18 -> 2025Q4 | S18: 1489.1913 | T18: 918.58887 | U18: 2059.7937 | V18: =ROUND(T18,3) -> 918.589 | W18: =ROUND(S18,3) -> 1489.191 | X18: =ROUND(U18,3) -> 2059.794
A19: =K18 -> 2025Q4 | B19: =O18 -> 208.016 | C19: =P18 -> 228.62 | D19: =Q18 -> 249.225 | E19: =V18 -> 918.589 | F19: =W18 -> 1489.191 | G19: =X18 -> 2059.794 | K19: 2026Q1 | L19: 217.84777 | M19: 197.22698 | N19: 238.46856 | O19: =ROUND(M19,3) -> 197.227 | P19: =ROUND(L19,3) -> 217.848 | Q19: =ROUND(N19,3) -> 238.469 | R19: =K19 -> 2026Q1 | S19: 1502.8456 | T19: 916.43174 | U19: 2089.2595 | V19: =ROUND(T19,3) -> 916.432 | W19: =ROUND(S19,3) -> 1502.846 | X19: =ROUND(U19,3) -> 2089.259
A20: =K19 -> 2026Q1 | B20: =O19 -> 197.227 | C20: =P19 -> 217.848 | D20: =Q19 -> 238.469 | E20: =V19 -> 916.432 | F20: =W19 -> 1502.846 | G20: =X19 -> 2089.259 | K20: 2026Q2 | L20: 236.76571 | M20: 216.13286 | N20: 257.39855 | O20: =ROUND(M20,3) -> 216.133 | P20: =ROUND(L20,3) -> 236.766 | Q20: =ROUND(N20,3) -> 257.399 | R20: =K20 -> 2026Q2 | S20: 1527.6541 | T20: 925.84409 | U20: 2129.4641 | V20: =ROUND(T20,3) -> 925.844 | W20: =ROUND(S20,3) -> 1527.654 | X20: =ROUND(U20,3) -> 2129.464
A21: =K20 -> 2026Q2 | B21: =O20 -> 216.133 | C21: =P20 -> 236.766 | D21: =Q20 -> 257.399 | E21: =V20 -> 925.844 | F21: =W20 -> 1527.654 | G21: =X20 -> 2129.464 | K21: 2026Q3 | L21: 230.77275 | M21: 210.13099 | N21: 251.41452 | O21: =ROUND(M21,3) -> 210.131 | P21: =ROUND(L21,3) -> 230.773 | Q21: =ROUND(N21,3) -> 251.415 | R21: =K21 -> 2026Q3 | S21: 1513.5801 | T21: 896.75813 | U21: 2130.4022 | V21: =ROUND(T21,3) -> 896.758 | W21: =ROUND(S21,3) -> 1513.58 | X21: =ROUND(U21,3) -> 2130.402
A22: =K21 -> 2026Q3 | B22: =O21 -> 210.131 | C22: =P21 -> 230.773 | D22: =Q21 -> 251.415 | E22: =V21 -> 896.758 | F22: =W21 -> 1513.58 | G22: =X21 -> 2130.402 | K22: 2026Q4 | L22: 234.31144 | M22: 213.66308 | N22: 254.95981 | O22: =ROUND(M22,3) -> 213.663 | P22: =ROUND(L22,3) -> 234.311 | Q22: =ROUND(N22,3) -> 254.96 | R22: =K22 -> 2026Q4 | S22: 1542.2756 | T22: 910.79834 | U22: 2173.7528 | V22: =ROUND(T22,3) -> 910.798 | W22: =ROUND(S22,3) -> 1542.276 | X22: =ROUND(U22,3) -> 2173.753
A23: =K22 -> 2026Q4 | B23: =O22 -> 213.663 | C23: =P22 -> 234.311 | D23: =Q22 -> 254.96 | E23: =V22 -> 910.798 | F23: =W22 -> 1542.276 | G23: =X22 -> 2173.753 | K23: 2027Q1 | L23: 223.62469 | M23: 202.97144 | N23: 244.27795 | O23: =ROUND(M23,3) -> 202.971 | P23: =ROUND(L23,3) -> 223.625 | Q23: =ROUND(N23,3) -> 244.278 | R23: =K23 -> 2027Q1 | S23: 1555.9299 | T23: 910.12992 | U23: 2201.7298 | V23: =ROUND(T23,3) -> 910.13 | W23: =ROUND(S23,3) -> 1555.93 | X23: =ROUND(U23,3) -> 2201.73
... A34: =K33 -> 2029Q3 | B34: =O33 -> 228.301 | C34: =P33 -> 248.967 | D34: =Q33 -> 269.634 | E34: =V33 -> 898.237 | F34: =W33 -> 1672.833 | G34: =X33 -> 2447.429 | K34: 2029Q4 | L34: 252.60712 | M34: 231.94044 | N34: 273.27379 | O34: =ROUND(M34,3) -> 231.94 | P34: =ROUND(L34,3) -> 252.607 | Q34: =ROUND(N34,3) -> 273.274 | R34: =K34 -> 2029Q4 | S34: 1701.5284 | T34: 915.21257 | U34: 2487.8442 | V34: =ROUND(T34,3) -> 915.213 | W34: =ROUND(S34,3) -> 1701.528 | X34: =ROUND(U34,3) -> 2487.844
A35: =K34 -> 2029Q4 | B35: =O34 -> 231.94 | C35: =P34 -> 252.607 | D35: =Q34 -> 273.274 | E35: =V34 -> 915.213 | F35: =W34 -> 1701.528 | G35: =X34 -> 2487.844
A38: Mean | C38: =AVERAGE(C4:C35) -> 228.70553 | F38: =AVERAGE(F4:F35) -> 1495.2948
A41: CCDQCA (Minus 0.5 Standard Deviation) | K41: CCDQCA (Minus 1 Standard Deviation)
B42: ACSS +USBE | E42: LVTS | L42: ACSS +USBE | O42: LVTS
A43: Year | B43: Lower Bound | C43: Forecast Minus Half A Standard Deviation (billions) | D43: Upper Bound | E43: Lower Bound | F43: =C43 -> Forecast Minus Half A Standard Deviation (billions) | G43: Upper Bound | K43: Year | L43: Lower Bound | M43: Forecast Minus One Standard Deviation (billions) | N43: Upper Bound | O43: Lower Bound | P43: =M43 -> Forecast Minus One Standard Deviation (billions) | Q43: Upper Bound
A44: =A4 -> 2022Q1 | C44: =ROUND(C4-((D4-C4)*(0.5/2)),3) -> 200.965 | F44: =ROUND(F4-((G4-F4)*(0.5/2)),3) -> 1242.346 | K44: =A4 -> 2022Q1 | M44: =ROUND(C4-((D4-C4)*(1/2)),3) -> 197.5 | P44: =ROUND(F4-((G4-F4)*(1/2)),3) -> 1186.803
A45: =A5 -> 2022Q2 | C45: =ROUND(C5-((D5-C5)*(0.5/2)),3) -> 217.723 | F45: =ROUND(F5-((G5-F5)*(0.5/2)),3) -> 1250.003 | K45: =A5 -> 2022Q2 | M45: =ROUND(C5-((D5-C5)*(1/2)),3) -> 213.745 | P45: =ROUND(F5-((G5-F5)*(1/2)),3) -> 1184.169
A46: =A6 -> 2022Q3 | C46: =ROUND(C6-((D6-C6)*(0.5/2)),3) -> 209.971 | F46: =ROUND(F6-((G6-F6)*(0.5/2)),3) -> 1227.222 | K46: =A6 -> 2022Q3 | M46: =ROUND(C6-((D6-C6)*(1/2)),3) -> 205.653 | P46: =ROUND(F6-((G6-F6)*(1/2)),3) -> 1153.163
A47: =A7 -> 2022Q4 | C47: =ROUND(C7-((D7-C7)*(0.5/2)),3) -> 212.055 | F47: =ROUND(F7-((G7-F7)*(0.5/2)),3) -> 1248.525 | K47: =A7 -> 2022Q4 | M47: =ROUND(C7-((D7-C7)*(1/2)),3) -> 207.501 | P47: =ROUND(F7-((G7-F7)*(1/2)),3) -> 1167.109
A48: =A8 -> 2023Q1 | C48: =ROUND(C8-((D8-C8)*(0.5/2)),3) -> 200.151 | F48: =ROUND(F8-((G8-F8)*(0.5/2)),3) -> 1255.434 | K48: =A8 -> 2023Q1 | M48: =ROUND(C8-((D8-C8)*(1/2)),3) -> 195.43 | P48: =ROUND(F8-((G8-F8)*(1/2)),3) -> 1167.275
A49: =A9 -> 2023Q2 | C49: =ROUND(C9-((D9-C9)*(0.5/2)),3) -> 218.12 | F49: =ROUND(F9-((G9-F9)*(0.5/2)),3) -> 1273.98 | K49: =A9 -> 2023Q2 | M49: =ROUND(C9-((D9-C9)*(1/2)),3) -> 213.28 | P49: =ROUND(F9-((G9-F9)*(1/2)),3) -> 1179.558
A50: =A10 -> 2023Q3 | C50: =ROUND(C10-((D10-C10)*(0.5/2)),3) -> 211.327 | F50: =ROUND(F10-((G10-F10)*(0.5/2)),3) -> 1254.034 | K50: =A10 -> 2023Q3 | M50: =ROUND(C10-((D10-C10)*(1/2)),3) -> 206.4 | P50: =ROUND(F10-((G10-F10)*(1/2)),3) -> 1153.74
A51: =A11 -> 2023Q4 | C51: =ROUND(C11-((D11-C11)*(0.5/2)),3) -> 214.188 | F51: =ROUND(F11-((G11-F11)*(0.5/2)),3) -> 1277.183 | K51: =A11 -> 2023Q4 | M51: =ROUND(C11-((D11-C11)*(1/2)),3) -> 209.197 | P51: =ROUND(F11-((G11-F11)*(1/2)),3) -> 1171.343
A52: =A12 -> 2024Q1 | C52: =ROUND(C12-((D12-C12)*(0.5/2)),3) -> 202.926 | F52: =ROUND(F12-((G12-F12)*(0.5/2)),3) -> 1285.567 | K52: =A12 -> 2024Q1 | M52: =ROUND(C12-((D12-C12)*(1/2)),3) -> 197.89 | P52: =ROUND(F12-((G12-F12)*(1/2)),3) -> 1174.456
A53: =A13 -> 2024Q2 | C53: =ROUND(C13-((D13-C13)*(0.5/2)),3) -> 221.429 | F53: =ROUND(F13-((G13-F13)*(0.5/2)),3) -> 1305.344 | K53: =A13 -> 2024Q2 | M53: =ROUND(C13-((D13-C13)*(1/2)),3) -> 216.358 | P53: =ROUND(F13-((G13-F13)*(1/2)),3) -> 1189.203
A54: =A14 -> 2024Q3 | C54: =ROUND(C14-((D14-C14)*(0.5/2)),3) -> 215.084 | F54: =ROUND(F14-((G14-F14)*(0.5/2)),3) -> 1286.448 | K54: =A14 -> 2024Q3 | M54: =ROUND(C14-((D14-C14)*(1/2)),3) -> 209.988 | P54: =ROUND(F14-((G14-F14)*(1/2)),3) -> 1165.484
A55: =A15 -> 2024Q4 | C55: =ROUND(C15-((D15-C15)*(0.5/2)),3) -> 218.323 | F55: =ROUND(F15-((G15-F15)*(0.5/2)),3) -> 1310.506 | K55: =A15 -> 2024Q4 | M55: =ROUND(C15-((D15-C15)*(1/2)),3) -> 213.209 | P55: =ROUND(F15-((G15-F15)*(1/2)),3) -> 1184.905
... A75: =A35 -> 2029Q4 | C75: =ROUND(C35-((D35-C35)*(0.5/2)),3) -> 247.44 | F75: =ROUND(F35-((G35-F35)*(0.5/2)),3) -> 1504.949 | K75: =A35 -> 2029Q4 | M75: =ROUND(C35-((D35-C35)*(1/2)),3) -> 242.274 | P75: =ROUND(F35-((G35-F35)*(1/2)),3) -> 1308.37

Sheet ATBRCA
A1: ATBRCA | L1: ACSS | S1: LVTS
B2: ACSS +USBE | E2: LVTS | L2: Point Forecast | M2: Lo 95 | N2: Hi 95 | O2: Lo 95 | P2: Point Forecast | Q2: Hi 95 | S2: Point Forecast | T2: Lo 95 | U2: Hi 95 | V2: Lo 95 | W2: Point Forecast | X2: Hi 95
A3: Year | B3: Lower Bound | C3: Value Forecast (billions) | D3: Upper Bound | E3: Lower Bound | F3: Value Forecast (billions) | G3: Upper Bound | K3: 2022Q1 | L3: 49.938725 | M3: 46.130103 | N3: 53.747347 | O3: =ROUND(M3,3) -> 46.13 | P3: =ROUND(L3,3) -> 49.939 | Q3: =ROUND(N3,3) -> 53.747 | R3: =K3 -> 2022Q1 | S3: 295.12967 | T3: 257.33183 | U3: 332.9275 | V3: =ROUND(T3,3) -> 257.332 | W3: =ROUND(S3,3) -> 295.13 | X3: =ROUND(U3,3) -> 332.928
A4: =K3 -> 2022Q1 | B4: =O3 -> 46.13 | C4: =P3 -> 49.939 | D4: =Q3 -> 53.747 | E4: =V3 -> 257.332 | F4: =W3 -> 295.13 | G4: =X3 -> 332.928 | K4: 2022Q2 | L4: 53.657991 | M4: 48.554716 | N4: 58.761266 | O4: =ROUND(M4,3) -> 48.555 | P4: =ROUND(L4,3) -> 53.658 | Q4: =ROUND(N4,3) -> 58.761 | R4: =K4 -> 2022Q2 | S4: 298.0544 | T4: 236.99642 | U4: 359.11237 | V4: =ROUND(T4,3) -> 236.996 | W4: =ROUND(S4,3) -> 298.054 | X4: =ROUND(U4,3) -> 359.112
A5: =K4 -> 2022Q2 | B5: =O4 -> 48.555 | C5: =P4 -> 53.658 | D5: =Q4 -> 58.761 | E5: =V4 -> 236.996 | F5: =W4 -> 298.054 | G5: =X4 -> 359.112 | I5: =SUM(F5:F8) -> 1209.04 | K5: 2022Q3 | L5: 53.749301 | M5: 47.918716 | N5: 59.579886 | O5: =ROUND(M5,3) -> 47.919 | P5: =ROUND(L5,3) -> 53.749 | Q5: =ROUND(N5,3) -> 59.58 | R5: =K5 -> 2022Q3 | S5: 300.79635 | T5: 219.53226 | U5: 382.06044 | V5: =ROUND(T5,3) -> 219.532 | W5: =ROUND(S5,3) -> 300.796 | X5: =ROUND(U5,3) -> 382.06
A6: =K5 -> 2022Q3 | B6: =O5 -> 47.919 | C6: =P5 -> 53.749 | D6: =Q5 -> 59.58 | E6: =V5 -> 219.532 | F6: =W5 -> 300.796 | G6: =X5 -> 382.06 | I6: =SUM(F9:F12) -> 1259.783 | K6: 2022Q4 | L6: 54.025839 | M6: 47.742787 | N6: 60.308892 | O6: =ROUND(M6,3) -> 47.743 | P6: =ROUND(L6,3) -> 54.026 | Q6: =ROUND(N6,3) -> 60.309 | R6: =K6 -> 2022Q4 | S6: 304.17234 | T6: 205.02722 | U6: 403.31745 | V6: =ROUND(T6,3) -> 205.027 | W6: =ROUND(S6,3) -> 304.172 | X6: =ROUND(U6,3) -> 403.317
A7: =K6 -> 2022Q4 | B7: =O6 -> 47.743 | C7: =P6 -> 54.026 | D7: =Q6 -> 60.309 | E7: =V6 -> 205.027 | F7: =W6 -> 304.172 | G7: =X6 -> 403.317 | I7: =SUM(F13:F16) -> 1313.121 | K7: 2023Q1 | L7: 48.96775 | M7: 42.390936 | N7: 55.544563 | O7: =ROUND(M7,3) -> 42.391 | P7: =ROUND(L7,3) -> 48.968 | Q7: =ROUND(N7,3) -> 55.545 | R7: =K7 -> 2023Q1 | S7: 306.01761 | T7: 190.86526 | U7: 421.16997 | V7: =ROUND(T7,3) -> 190.865 | W7: =ROUND(S7,3) -> 306.018 | X7: =ROUND(U7,3) -> 421.17
A8: =K7 -> 2023Q1 | B8: =O7 -> 42.391 | C8: =P7 -> 48.968 | D8: =Q7 -> 55.545 | E8: =V7 -> 190.865 | F8: =W7 -> 306.018 | G8: =X7 -> 421.17 | I8: =SUM(F17:F20) -> 1366.712 | K8: 2023Q2 | L8: 53.070507 | M8: 46.298636 | N8: 59.842378 | O8: =ROUND(M8,3) -> 46.299 | P8: =ROUND(L8,3) -> 53.071 | Q8: =ROUND(N8,3) -> 59.842 | R8: =K8 -> 2023Q2 | S8: 310.05271 | T8: 180.4096 | U8: 439.69581 | V8: =ROUND(T8,3) -> 180.41 | W8: =ROUND(S8,3) -> 310.053 | X8: =ROUND(U8,3) -> 439.696
A9: =K8 -> 2023Q2 | B9: =O8 -> 46.299 | C9: =P8 -> 53.071 | D9: =Q8 -> 59.842 | E9: =V8 -> 180.41 | F9: =W8 -> 310.053 | G9: =X8 -> 439.696 | I9: =SUM(F21:F24) -> 1420.327 | K9: 2023Q3 | L9: 53.480192 | M9: 46.577088 | N9: 60.383296 | O9: =ROUND(M9,3) -> 46.577 | P9: =ROUND(L9,3) -> 53.48 | Q9: =ROUND(N9,3) -> 60.383 | R9: =K9 -> 2023Q3 | S9: 313.41514 | T9: 170.51372 | U9: 456.31655 | V9: =ROUND(T9,3) -> 170.514 | W9: =ROUND(S9,3) -> 313.415 | X9: =ROUND(U9,3) -> 456.317
A10: =K9 -> 2023Q3 | B10: =O9 -> 46.577 | C10: =P9 -> 53.48 | D10: =Q9 -> 60.383 | E10: =V9 -> 170.514 | F10: =W9 -> 313.415 | G10: =X9 -> 456.317 | I10: =SUM(F25:F28) -> 1473.946 | K10: 2023Q4 | L10: 54.021047 | M10: 47.028926 | N10: 61.013168 | O10: =ROUND(M10,3) -> 47.029 | P10: =ROUND(L10,3) -> 54.021 | Q10: =ROUND(N10,3) -> 61.013 | R10: =K10 -> 2023Q4 | S10: 317.13785 | T10: 161.98773 | U10: 472.28796 | V10: =ROUND(T10,3) -> 161.988 | W10: =ROUND(S10,3) -> 317.138 | X10: =ROUND(U10,3) -> 472.288
A11: =K10 -> 2023Q4 | B11: =O10 -> 47.029 | C11: =P10 -> 54.021 | D11: =Q10 -> 61.013 | E11: =V10 -> 161.988 | F11: =W10 -> 317.138 | G11: =X10 -> 472.288 | I11: =SUM(F29:F32) -> 1527.566 | K11: 2024Q1 | L11: 49.182393 | M11: 42.129572 | N11: 56.235214 | O11: =ROUND(M11,3) -> 42.13 | P11: =ROUND(L11,3) -> 49.182 | Q11: =ROUND(N11,3) -> 56.235 | R11: =K11 -> 2024Q1 | S11: 319.17687 | T11: 152.61394 | U11: 485.73981 | V11: =ROUND(T11,3) -> 152.614 | W11: =ROUND(S11,3) -> 319.177 | X11: =ROUND(U11,3) -> 485.74
A12: =K11 -> 2024Q1 | B12: =O11 -> 42.13 | C12: =P11 -> 49.182 | D12: =Q11 -> 56.235 | E12: =V11 -> 152.614 | F12: =W11 -> 319.177 | G12: =X11 -> 485.74 | K12: 2024Q2 | L12: 53.467328 | M12: 46.372972 | N12: 60.561683 | O12: =ROUND(M12,3) -> 46.373 | P12: =ROUND(L12,3) -> 53.467 | Q12: =ROUND(N12,3) -> 60.562 | R12: =K12 -> 2024Q2 | S12: 323.32023 | T12: 146.04482 | U12: 500.59565 | V12: =ROUND(T12,3) -> 146.045 | W12: =ROUND(S12,3) -> 323.32 | X12: =ROUND(U12,3) -> 500.596
A13: =K12 -> 2024Q2 | B13: =O12 -> 46.373 | C13: =P12 -> 53.467 | D13: =Q12 -> 60.562 | E13: =V12 -> 146.045 | F13: =W12 -> 323.32 | G13: =X12 -> 500.596 | K13: 2024Q3 | L13: 54.028257 | M13: 46.905415 | N13: 61.151098 | O13: =ROUND(M13,3) -> 46.905 | P13: =ROUND(L13,3) -> 54.028 | Q13: =ROUND(N13,3) -> 61.151 | R13: =K13 -> 2024Q3 | S13: 326.74317 | T13: 139.34923 | U13: 514.1371 | V13: =ROUND(T13,3) -> 139.349 | W13: =ROUND(S13,3) -> 326.743 | X13: =ROUND(U13,3) -> 514.137
A14: =K13 -> 2024Q3 | B14: =O13 -> 46.905 | C14: =P13 -> 54.028 | D14: =Q13 -> 61.151 | E14: =V13 -> 139.349 | F14: =W13 -> 326.743 | G14: =X13 -> 514.137 | K14: 2024Q4 | L14: 54.694675 | M14: 47.552266 | N14: 61.837084 | O14: =ROUND(M14,3) -> 47.552 | P14: =ROUND(L14,3) -> 54.695 | Q14: =ROUND(N14,3) -> 61.837 | R14: =K14 -> 2024Q4 | S14: 330.49968 | T14: 133.49698 | U14: 527.50238 | V14: =ROUND(T14,3) -> 133.497 | W14: =ROUND(S14,3) -> 330.5 | X14: =ROUND(U14,3) -> 527.502
A15: =K14 -> 2024Q4 | B15: =O14 -> 47.552 | C15: =P14 -> 54.695 | D15: =Q14 -> 61.837 | E15: =V14 -> 133.497 | F15: =W14 -> 330.5 | G15: =X14 -> 527.502 | K15: 2025Q1 | L15: 49.960264 | M15: 42.8044 | N15: 57.116129 | O15: =ROUND(M15,3) -> 42.804 | P15: =ROUND(L15,3) -> 49.96 | Q15: =ROUND(N15,3) -> 57.116 | R15: =K15 -> 2025Q1 | S15: 332.5576 | T15: 126.38853 | U15: 538.72667 | V15: =ROUND(T15,3) -> 126.389 | W15: =ROUND(S15,3) -> 332.558 | X15: =ROUND(U15,3) -> 538.727
A16: =K15 -> 2025Q1 | B16: =O15 -> 42.804 | C16: =P15 -> 49.96 | D16: =Q15 -> 57.116 | E16: =V15 -> 126.389 | F16: =W15 -> 332.558 | G16: =X15 -> 538.727 | K16: 2025Q2 | L16: 54.331742 | M16: 47.166618 | N16: 61.496865 | O16: =ROUND(M16,3) -> 47.167 | P16: =ROUND(L16,3) -> 54.332 | Q16: =ROUND(N16,3) -> 61.497 | R16: =K16 -> 2025Q2 | S16: 336.71152 | T16: 121.76395 | U16: 551.65908 | V16: =ROUND(T16,3) -> 121.764 | W16: =ROUND(S16,3) -> 336.712 | X16: =ROUND(U16,3) -> 551.659
A17: =K16 -> 2025Q2 | B17: =O16 -> 47.167 | C17: =P16 -> 54.332 | D17: =Q16 -> 61.497 | E17: =V16 -> 121.764 | F17: =W16 -> 336.712 | G17: =X16 -> 551.659 | K17: 2025Q3 | L17: 54.964519 | M17: 47.79302 | N17: 62.136018 | O17: =ROUND(M17,3) -> 47.793 | P17: =ROUND(L17,3) -> 54.965 | Q17: =ROUND(N17,3) -> 62.136 | R17: =K17 -> 2025Q3 | S17: 340.14035 | T17: 116.75758 | U17: 563.52312 | V17: =ROUND(T17,3) -> 116.758 | W17: =ROUND(S17,3) -> 340.14 | X17: =ROUND(U17,3) -> 563.523
A18: =K17 -> 2025Q3 | B18: =O17 -> 47.793 | C18: =P17 -> 54.965 | D18: =Q17 -> 62.136 | E18: =V17 -> 116.758 | F18: =W17 -> 340.14 | G18: =X17 -> 563.523 | K18: 2025Q4 | L18: 55.690586 | M18: 48.514696 | N18: 62.866475 | O18: =ROUND(M18,3) -> 48.515 | P18: =ROUND(L18,3) -> 55.691 | Q18: =ROUND(N18,3) -> 62.866 | R18: =K18 -> 2025Q4 | S18: 343.90016 | T18: 112.38854 | U18: 575.41178 | V18: =ROUND(T18,3) -> 112.389 | W18: =ROUND(S18,3) -> 343.9 | X18: =ROUND(U18,3) -> 575.412
A19: =K18 -> 2025Q4 | B19: =O18 -> 48.515 | C19: =P18 -> 55.691 | D19: =Q18 -> 62.866 | E19: =V18 -> 112.389 | F19: =W18 -> 343.9 | G19: =X18 -> 575.412 | K19: 2026Q1 | L19: 51.005696 | M19: 43.826782 | N19: 58.18461 | O19: =ROUND(M19,3) -> 43.827 | P19: =ROUND(L19,3) -> 51.006 | Q19: =ROUND(N19,3) -> 58.185 | R19: =K19 -> 2026Q1 | S19: 345.95992 | T19: 106.59494 | U19: 585.3249 | V19: =ROUND(T19,3) -> 106.595 | W19: =ROUND(S19,3) -> 345.96 | X19: =ROUND(U19,3) -> 585.325
A20: =K19 -> 2026Q1 | B20: =O19 -> 43.827 | C20: =P19 -> 51.006 | D20: =Q19 -> 58.185 | E20: =V19 -> 106.595 | F20: =W19 -> 345.96 | G20: =X19 -> 585.325 | K20: 2026Q2 | L20: 55.418285 | M20: 48.237287 | N20: 62.599283 | O20: =ROUND(M20,3) -> 48.237 | P20: =ROUND(L20,3) -> 55.418 | Q20: =ROUND(N20,3) -> 62.599 | R20: =K20 -> 2026Q2 | S20: 350.11487 | T20: 103.1459 | U20: 597.08384 | V20: =ROUND(T20,3) -> 103.146 | W20: =ROUND(S20,3) -> 350.115 | X20: =ROUND(U20,3) -> 597.084
A21: =K20 -> 2026Q2 | B21: =O20 -> 48.237 | C21: =P20 -> 55.418 | D21: =Q20 -> 62.599 | E21: =V20 -> 103.146 | F21: =W20 -> 350.115 | G21: =X20 -> 597.084 | K21: 2026Q3 | L21: 56.085194 | M21: 48.90276 | N21: 63.267628 | O21: =ROUND(M21,3) -> 48.903 | P21: =ROUND(L21,3) -> 56.085 | Q21: =ROUND(N21,3) -> 63.268 | R21: =K21 -> 2026Q3 | S21: 353.54428 | T21: 99.198426 | U21: 607.89012 | V21: =ROUND(T21,3) -> 99.198 | W21: =ROUND(S21,3) -> 353.544 | X21: =ROUND(U21,3) -> 607.89
A22: =K21 -> 2026Q3 | B22: =O21 -> 48.903 | C22: =P21 -> 56.085 | D22: =Q21 -> 63.268 | E22: =V21 -> 99.198 | F22: =W21 -> 353.544 | G22: =X21 -> 607.89 | K22: 2026Q4 | L22: 56.839597 | M22: 49.656174 | N22: 64.02302 | O22: =ROUND(M22,3) -> 49.656 | P22: =ROUND(L22,3) -> 56.84 | Q22: =ROUND(N22,3) -> 64.023 | R22: =K22 -> 2026Q4 | S22: 357.30441 | T22: 95.789618 | U22: 618.8192 | V22: =ROUND(T22,3) -> 95.79 | W22: =ROUND(S22,3) -> 357.304 | X22: =ROUND(U22,3) -> 618.819
A23: =K22 -> 2026Q4 | B23: =O22 -> 49.656 | C23: =P22 -> 56.84 | D23: =Q22 -> 64.023 | E23: =V22 -> 95.79 | F23: =W22 -> 357.304 | G23: =X22 -> 618.819 | K23: 2027Q1 | L23: 52.178232 | M23: 44.994127 | N23: 59.362337 | O23: =ROUND(M23,3) -> 44.994 | P23: =ROUND(L23,3) -> 52.178 | Q23: =ROUND(N23,3) -> 59.362 | R23: =K23 -> 2027Q1 | S23: 359.36435 | T23: 90.871931 | U23: 627.85677 | V23: =ROUND(T23,3) -> 90.872 | W23: =ROUND(S23,3) -> 359.364 | X23: =ROUND(U23,3) -> 627.857
... A34: =K33 -> 2029Q3 | B34: =O33 -> 52.627 | C34: =P33 -> 59.813 | D34: =Q33 -> 66.999 | E34: =V33 -> 63.5 | F34: =W33 -> 393.758 | G34: =X33 -> 724.016 | K34: 2029Q4 | L34: 60.590335 | M34: 53.404742 | N34: 67.775927 | O34: =ROUND(M34,3) -> 53.405 | P34: =ROUND(L34,3) -> 60.59 | Q34: =ROUND(N34,3) -> 67.776 | R34: =K34 -> 2029Q4 | S34: 397.51833 | T34: 61.708037 | U34: 733.32862 | V34: =ROUND(T34,3) -> 61.708 | W34: =ROUND(S34,3) -> 397.518 | X34: =ROUND(U34,3) -> 733.329
A35: =K34 -> 2029Q4 | B35: =O34 -> 53.405 | C35: =P34 -> 60.59 | D35: =Q34 -> 67.776 | E35: =V34 -> 61.708 | F35: =W34 -> 397.518 | G35: =X34 -> 733.329
A38: Mean | C38: =AVERAGE(C4:C35) -> 54.813844 | F38: =AVERAGE(F4:F35) -> 345.22594
A41: ATBRCA (Minus 0.5 Standard Deviation) | K41: ATBRCA (Minus 1 Standard Deviation)
B42: ACSS +USBE | E42: LVTS | L42: ACSS +USBE | O42: LVTS
A43: Year | B43: Lower Bound | C43: Forecast Minus Half A Standard Deviation (billions) | D43: Upper Bound | E43: Lower Bound | F43: =C43 -> Forecast Minus Half A Standard Deviation (billions) | G43: Upper Bound | K43: Year | L43: Lower Bound | M43: Forecast Minus One Standard Deviation (billions) | N43: Upper Bound | O43: Lower Bound | P43: =M43 -> Forecast Minus One Standard Deviation (billions) | Q43: Upper Bound
A44: =A4 -> 2022Q1 | C44: =ROUND(C4-((D4-C4)*(0.5/2)),3) -> 48.987 | F44: =ROUND(F4-((G4-F4)*(0.5/2)),3) -> 285.681 | K44: =A4 -> 2022Q1 | M44: =ROUND(C4-((D4-C4)*(1/2)),3) -> 48.035 | P44: =ROUND(F4-((G4-F4)*(1/2)),3) -> 276.231
A45: =A5 -> 2022Q2 | C45: =ROUND(C5-((D5-C5)*(0.5/2)),3) -> 52.382 | F45: =ROUND(F5-((G5-F5)*(0.5/2)),3) -> 282.79 | K45: =A5 -> 2022Q2 | M45: =ROUND(C5-((D5-C5)*(1/2)),3) -> 51.107 | P45: =ROUND(F5-((G5-F5)*(1/2)),3) -> 267.525
A46: =A6 -> 2022Q3 | C46: =ROUND(C6-((D6-C6)*(0.5/2)),3) -> 52.291 | F46: =ROUND(F6-((G6-F6)*(0.5/2)),3) -> 280.48 | K46: =A6 -> 2022Q3 | M46: =ROUND(C6-((D6-C6)*(1/2)),3) -> 50.834 | P46: =ROUND(F6-((G6-F6)*(1/2)),3) -> 260.164
A47: =A7 -> 2022Q4 | C47: =ROUND(C7-((D7-C7)*(0.5/2)),3) -> 52.455 | F47: =ROUND(F7-((G7-F7)*(0.5/2)),3) -> 279.386 | K47: =A7 -> 2022Q4 | M47: =ROUND(C7-((D7-C7)*(1/2)),3) -> 50.885 | P47: =ROUND(F7-((G7-F7)*(1/2)),3) -> 254.6
A48: =A8 -> 2023Q1 | C48: =ROUND(C8-((D8-C8)*(0.5/2)),3) -> 47.324 | F48: =ROUND(F8-((G8-F8)*(0.5/2)),3) -> 277.23 | K48: =A8 -> 2023Q1 | M48: =ROUND(C8-((D8-C8)*(1/2)),3) -> 45.68 | P48: =ROUND(F8-((G8-F8)*(1/2)),3) -> 248.442
A49: =A9 -> 2023Q2 | C49: =ROUND(C9-((D9-C9)*(0.5/2)),3) -> 51.378 | F49: =ROUND(F9-((G9-F9)*(0.5/2)),3) -> 277.642 | K49: =A9 -> 2023Q2 | M49: =ROUND(C9-((D9-C9)*(1/2)),3) -> 49.686 | P49: =ROUND(F9-((G9-F9)*(1/2)),3) -> 245.232
A50: =A10 -> 2023Q3 | C50: =ROUND(C10-((D10-C10)*(0.5/2)),3) -> 51.754 | F50: =ROUND(F10-((G10-F10)*(0.5/2)),3) -> 277.69 | K50: =A10 -> 2023Q3 | M50: =ROUND(C10-((D10-C10)*(1/2)),3) -> 50.029 | P50: =ROUND(F10-((G10-F10)*(1/2)),3) -> 241.964
A51: =A11 -> 2023Q4 | C51: =ROUND(C11-((D11-C11)*(0.5/2)),3) -> 52.273 | F51: =ROUND(F11-((G11-F11)*(0.5/2)),3) -> 278.351 | K51: =A11 -> 2023Q4 | M51: =ROUND(C11-((D11-C11)*(1/2)),3) -> 50.525 | P51: =ROUND(F11-((G11-F11)*(1/2)),3) -> 239.563
A52: =A12 -> 2024Q1 | C52: =ROUND(C12-((D12-C12)*(0.5/2)),3) -> 47.419 | F52: =ROUND(F12-((G12-F12)*(0.5/2)),3) -> 277.536 | K52: =A12 -> 2024Q1 | M52: =ROUND(C12-((D12-C12)*(1/2)),3) -> 45.656 | P52: =ROUND(F12-((G12-F12)*(1/2)),3) -> 235.896
A53: =A13 -> 2024Q2 | C53: =ROUND(C13-((D13-C13)*(0.5/2)),3) -> 51.693 | F53: =ROUND(F13-((G13-F13)*(0.5/2)),3) -> 279.001 | K53: =A13 -> 2024Q2 | M53: =ROUND(C13-((D13-C13)*(1/2)),3) -> 49.92 | P53: =ROUND(F13-((G13-F13)*(1/2)),3) -> 234.682
A54: =A14 -> 2024Q3 | C54: =ROUND(C14-((D14-C14)*(0.5/2)),3) -> 52.247 | F54: =ROUND(F14-((G14-F14)*(0.5/2)),3) -> 279.895 | K54: =A14 -> 2024Q3 | M54: =ROUND(C14-((D14-C14)*(1/2)),3) -> 50.467 | P54: =ROUND(F14-((G14-F14)*(1/2)),3) -> 233.046
A55: =A15 -> 2024Q4 | C55: =ROUND(C15-((D15-C15)*(0.5/2)),3) -> 52.91 | F55: =ROUND(F15-((G15-F15)*(0.5/2)),3) -> 281.25 | K55: =A15 -> 2024Q4 | M55: =ROUND(C15-((D15-C15)*(1/2)),3) -> 51.124 | P55: =ROUND(F15-((G15-F15)*(1/2)),3) -> 231.999
... A75: =A35 -> 2029Q4 | C75: =ROUND(C35-((D35-C35)*(0.5/2)),3) -> 58.794 | F75: =ROUND(F35-((G35-F35)*(0.5/2)),3) -> 313.565 | K75: =A35 -> 2029Q4 | M75: =ROUND(C35-((D35-C35)*(1/2)),3) -> 56.997 | P75: =ROUND(F35-((G35-F35)*(1/2)),3) -> 229.613

Sheet BCANCA
A1: BCANCA | L1: ACSS | S1: LVTS
B2: ACSS +USBE | E2: LVTS | L2: Point Forecast | M2: Lo 95 | N2: Hi 95 | O2: Lo 95 | P2: Point Forecast | Q2: Hi 95 | S2: Point Forecast | T2: Lo 95 | U2: Hi 95 | V2: Lo 95 | W2: Point Forecast | X2: Hi 95
A3: Year | B3: Lower Bound | C3: Value Forecast (billions) | D3: Upper Bound | E3: Lower Bound | F3: Value Forecast (billions) | G3: Upper Bound | K3: 2022Q1 | L3: 108.13119 | M3: 78.089063 | N3: 138.17332 | O3: =ROUND(M3,3) -> 78.089 | P3: =ROUND(L3,3) -> 108.131 | Q3: =ROUND(N3,3) -> 138.173 | R3: =K3 -> 2022Q1 | S3: 19496.863 | T3: 16605.688 | U3: 22388.039 | V3: =ROUND(T3,3) -> 16605.688 | W3: =ROUND(S3,3) -> 19496.863 | X3: =ROUND(U3,3) -> 22388.039
A4: =K3 -> 2022Q1 | B4: =O3 -> 78.089 | C4: =P3 -> 108.131 | D4: =Q3 -> 138.173 | E4: =V3 -> 16605.688 | F4: =W3 -> 19496.863 | G4: =X3 -> 22388.039 | K4: 2022Q2 | L4: 109.68096 | M4: 75.285504 | N4: 144.07641 | O4: =ROUND(M4,3) -> 75.286 | P4: =ROUND(L4,3) -> 109.681 | Q4: =ROUND(N4,3) -> 144.076 | R4: =K4 -> 2022Q2 | S4: 20000.997 | T4: 14869.081 | U4: 25132.913 | V4: =ROUND(T4,3) -> 14869.081 | W4: =ROUND(S4,3) -> 20000.997 | X4: =ROUND(U4,3) -> 25132.913
A5: =K4 -> 2022Q2 | B5: =O4 -> 75.286 | C5: =P4 -> 109.681 | D5: =Q4 -> 144.076 | E5: =V4 -> 14869.081 | F5: =W4 -> 20000.997 | G5: =X4 -> 25132.913 | I5: =SUM(F5:F8) -> 80815.7 | K5: 2022Q3 | L5: 111.25118 | M5: 74.03191 | N5: 148.47046 | O5: =ROUND(M5,3) -> 74.032 | P5: =ROUND(L5,3) -> 111.251 | Q5: =ROUND(N5,3) -> 148.47 | R5: =K5 -> 2022Q3 | S5: 20024.665 | T5: 13761.066 | U5: 26288.263 | V5: =ROUND(T5,3) -> 13761.066 | W5: =ROUND(S5,3) -> 20024.665 | X5: =ROUND(U5,3) -> 26288.263
A6: =K5 -> 2022Q3 | B6: =O5 -> 74.032 | C6: =P5 -> 111.251 | D6: =Q5 -> 148.47 | E6: =V5 -> 13761.066 | F6: =W5 -> 20024.665 | G6: =X5 -> 26288.263 | I6: =SUM(F9:F12) -> 84385.573 | K6: 2022Q4 | L6: 112.84197 | M6: 73.71319 | N6: 151.97075 | O6: =ROUND(M6,3) -> 73.713 | P6: =ROUND(L6,3) -> 112.842 | Q6: =ROUND(N6,3) -> 151.971 | R6: =K6 -> 2022Q4 | S6: 20279.453 | T6: 12899.19 | U6: 27659.715 | V6: =ROUND(T6,3) -> 12899.19 | W6: =ROUND(S6,3) -> 20279.453 | X6: =ROUND(U6,3) -> 27659.715
A7: =K6 -> 2022Q4 | B7: =O6 -> 73.713 | C7: =P6 -> 112.842 | D7: =Q6 -> 151.971 | E7: =V6 -> 12899.19 | F7: =W6 -> 20279.453 | G7: =X6 -> 27659.715 | I7: =SUM(F13:F16) -> 87988.207 | K7: 2023Q1 | L7: 114.57416 | M7: 74.124681 | N7: 155.02363 | O7: =ROUND(M7,3) -> 74.125 | P7: =ROUND(L7,3) -> 114.574 | Q7: =ROUND(N7,3) -> 155.024 | R7: =K7 -> 2023Q1 | S7: 20510.585 | T7: 12230.846 | U7: 28790.323 | V7: =ROUND(T7,3) -> 12230.846 | W7: =ROUND(S7,3) -> 20510.585 | X7: =ROUND(U7,3) -> 28790.323
A8: =K7 -> 2023Q1 | B8: =O7 -> 74.125 | C8: =P7 -> 114.574 | D8: =Q7 -> 155.024 | E8: =V7 -> 12230.846 | F8: =W7 -> 20510.585 | G8: =X7 -> 28790.323 | I8: =SUM(F17:F20) -> 91592.597 | K8: 2023Q2 | L8: 116.10058 | M8: 74.725145 | N8: 157.47602 | O8: =ROUND(M8,3) -> 74.725 | P8: =ROUND(L8,3) -> 116.101 | Q8: =ROUND(N8,3) -> 157.476 | R8: =K8 -> 2023Q2 | S8: 20847.951 | T8: 11727.238 | U8: 29968.663 | V8: =ROUND(T8,3) -> 11727.238 | W8: =ROUND(S8,3) -> 20847.951 | X8: =ROUND(U8,3) -> 29968.663
A9: =K8 -> 2023Q2 | B9: =O8 -> 74.725 | C9: =P8 -> 116.101 | D9: =Q8 -> 157.476 | E9: =V8 -> 11727.238 | F9: =W8 -> 20847.951 | G9: =X8 -> 29968.663 | I9: =SUM(F21:F24) -> 95197.08 | K9: 2023Q3 | L9: 117.65099 | M9: 75.620676 | N9: 159.68131 | O9: =ROUND(M9,3) -> 75.621 | P9: =ROUND(L9,3) -> 117.651 | Q9: =ROUND(N9,3) -> 159.681 | R9: =K9 -> 2023Q3 | S9: 20951.846 | T9: 11074.802 | U9: 30828.891 | V9: =ROUND(T9,3) -> 11074.802 | W9: =ROUND(S9,3) -> 20951.846 | X9: =ROUND(U9,3) -> 30828.891
A10: =K9 -> 2023Q3 | B10: =O9 -> 75.621 | C10: =P9 -> 117.651 | D10: =Q9 -> 159.681 | E10: =V9 -> 11074.802 | F10: =W9 -> 20951.846 | G10: =X9 -> 30828.891 | I10: =SUM(F25:F28) -> 98801.569 | K10: 2023Q4 | L10: 119.22495 | M10: 76.728788 | N10: 161.72111 | O10: =ROUND(M10,3) -> 76.729 | P10: =ROUND(L10,3) -> 119.225 | Q10: =ROUND(N10,3) -> 161.721 | R10: =K10 -> 2023Q4 | S10: 21168.038 | T10: 10582.592 | U10: 31753.484 | V10: =ROUND(T10,3) -> 10582.592 | W10: =ROUND(S10,3) -> 21168.038 | X10: =ROUND(U10,3) -> 31753.484
A11: =K10 -> 2023Q4 | B11: =O10 -> 76.729 | C11: =P10 -> 119.225 | D11: =Q10 -> 161.721 | E11: =V10 -> 10582.592 | F11: =W10 -> 21168.038 | G11: =X10 -> 31753.484 | I11: =SUM(F29:F32) -> 102406.06 | K11: 2024Q1 | L11: 120.94285 | M11: 78.114001 | N11: 163.7717 | O11: =ROUND(M11,3) -> 78.114 | P11: =ROUND(L11,3) -> 120.943 | Q11: =ROUND(N11,3) -> 163.772 | R11: =K11 -> 2024Q1 | S11: 21417.738 | T11: 10171.133 | U11: 32664.344 | V11: =ROUND(T11,3) -> 10171.133 | W11: =ROUND(S11,3) -> 21417.738 | X11: =ROUND(U11,3) -> 32664.344
A12: =K11 -> 2024Q1 | B12: =O11 -> 78.114 | C12: =P11 -> 120.943 | D12: =Q11 -> 163.772 | E12: =V11 -> 10171.133 | F12: =W11 -> 21417.738 | G12: =X11 -> 32664.344 | K12: 2024Q2 | L12: 122.45715 | M12: 79.39005 | N12: 165.52424 | O12: =ROUND(M12,3) -> 79.39 | P12: =ROUND(L12,3) -> 122.457 | Q12: =ROUND(N12,3) -> 165.524 | R12: =K12 -> 2024Q2 | S12: 21746.171 | T12: 9873.9338 | U12: 33618.409 | V12: =ROUND(T12,3) -> 9873.934 | W12: =ROUND(S12,3) -> 21746.171 | X12: =ROUND(U12,3) -> 33618.409
A13: =K12 -> 2024Q2 | B13: =O12 -> 79.39 | C13: =P12 -> 122.457 | D13: =Q12 -> 165.524 | E13: =V12 -> 9873.934 | F13: =W12 -> 21746.171 | G13: =X12 -> 33618.409 | K13: 2024Q3 | L13: 123.99726 | M13: 80.759223 | N13: 167.23529 | O13: =ROUND(M13,3) -> 80.759 | P13: =ROUND(L13,3) -> 123.997 | Q13: =ROUND(N13,3) -> 167.235 | R13: =K13 -> 2024Q3 | S13: 21854.364 | T13: 9388.4204 | U13: 34320.308 | V13: =ROUND(T13,3) -> 9388.42 | W13: =ROUND(S13,3) -> 21854.364 | X13: =ROUND(U13,3) -> 34320.308
A14: =K13 -> 2024Q3 | B14: =O13 -> 80.759 | C14: =P13 -> 123.997 | D14: =Q13 -> 167.235 | E14: =V13 -> 9388.42 | F14: =W13 -> 21854.364 | G14: =X13 -> 34320.308 | K14: 2024Q4 | L14: 125.56247 | M14: 82.201625 | N14: 168.92332 | O14: =ROUND(M14,3) -> 82.202 | P14: =ROUND(L14,3) -> 125.562 | Q14: =ROUND(N14,3) -> 168.923 | R14: =K14 -> 2024Q4 | S14: 22068.489 | T14: 9035.5958 | U14: 35101.382 | V14: =ROUND(T14,3) -> 9035.596 | W14: =ROUND(S14,3) -> 22068.489 | X14: =ROUND(U14,3) -> 35101.382
A15: =K14 -> 2024Q4 | B15: =O14 -> 82.202 | C15: =P14 -> 125.562 | D15: =Q14 -> 168.923 | E15: =V14 -> 9035.596 | F15: =W14 -> 22068.489 | G15: =X14 -> 35101.382 | K15: 2025Q1 | L15: 127.27295 | M15: 83.823782 | N15: 170.72211 | O15: =ROUND(M15,3) -> 83.824 | P15: =ROUND(L15,3) -> 127.273 | Q15: =ROUND(N15,3) -> 170.722 | R15: =K15 -> 2025Q1 | S15: 22319.183 | T15: 8743.1173 | U15: 35895.249 | V15: =ROUND(T15,3) -> 8743.117 | W15: =ROUND(S15,3) -> 22319.183 | X15: =ROUND(U15,3) -> 35895.249
A16: =K15 -> 2025Q1 | B16: =O15 -> 83.824 | C16: =P15 -> 127.273 | D16: =Q15 -> 170.722 | E16: =V15 -> 8743.117 | F16: =W15 -> 22319.183 | G16: =X15 -> 35895.249 | K16: 2025Q2 | L16: 128.78094 | M16: 85.268211 | N16: 172.29366 | O16: =ROUND(M16,3) -> 85.268 | P16: =ROUND(L16,3) -> 128.781 | Q16: =ROUND(N16,3) -> 172.294 | R16: =K16 -> 2025Q2 | S16: 22647.138 | T16: 8548.7549 | U16: 36745.521 | V16: =ROUND(T16,3) -> 8548.755 | W16: =ROUND(S16,3) -> 22647.138 | X16: =ROUND(U16,3) -> 36745.521
A17: =K16 -> 2025Q2 | B17: =O16 -> 85.268 | C17: =P16 -> 128.781 | D17: =Q16 -> 172.294 | E17: =V16 -> 8548.755 | F17: =W16 -> 22647.138 | G17: =X16 -> 36745.521 | K17: 2025Q3 | L17: 130.3157 | M17: 86.757206 | N17: 173.87418 | O17: =ROUND(M17,3) -> 86.757 | P17: =ROUND(L17,3) -> 130.316 | Q17: =ROUND(N17,3) -> 173.874 | R17: =K17 -> 2025Q3 | S17: 22755.561 | T17: 8153.5582 | U17: 37357.564 | V17: =ROUND(T17,3) -> 8153.558 | W17: =ROUND(S17,3) -> 22755.561 | X17: =ROUND(U17,3) -> 37357.564
A18: =K17 -> 2025Q3 | B18: =O17 -> 86.757 | C18: =P17 -> 130.316 | D18: =Q17 -> 173.874 | E18: =V17 -> 8153.558 | F18: =W17 -> 22755.561 | G18: =X17 -> 37357.564 | K18: 2025Q4 | L18: 131.87636 | M18: 88.284915 | N18: 175.46782 | O18: =ROUND(M18,3) -> 88.285 | P18: =ROUND(L18,3) -> 131.876 | Q18: =ROUND(N18,3) -> 175.468 | R18: =K18 -> 2025Q4 | S18: 22969.575 | T18: 7880.74 | U18: 38058.41 | V18: =ROUND(T18,3) -> 7880.74 | W18: =ROUND(S18,3) -> 22969.575 | X18: =ROUND(U18,3) -> 38058.41
A19: =K18 -> 2025Q4 | B19: =O18 -> 88.285 | C19: =P18 -> 131.876 | D19: =Q18 -> 175.468 | E19: =V18 -> 7880.74 | F19: =W18 -> 22969.575 | G19: =X18 -> 38058.41 | K19: 2026Q1 | L19: 133.58298 | M19: 89.967787 | N19: 177.19818 | O19: =ROUND(M19,3) -> 89.968 | P19: =ROUND(L19,3) -> 133.583 | Q19: =ROUND(N19,3) -> 177.198 | R19: =K19 -> 2026Q1 | S19: 23220.323 | T19: 7659.8853 | U19: 38780.76 | V19: =ROUND(T19,3) -> 7659.885 | W19: =ROUND(S19,3) -> 23220.323 | X19: =ROUND(U19,3) -> 38780.76
A20: =K19 -> 2026Q1 | B20: =O19 -> 89.968 | C20: =P19 -> 133.583 | D20: =Q19 -> 177.198 | E20: =V19 -> 7659.885 | F20: =W19 -> 23220.323 | G20: =X19 -> 38780.76 | K20: 2026Q2 | L20: 135.0877 | M20: 91.455389 | N20: 178.72 | O20: =ROUND(M20,3) -> 91.455 | P20: =ROUND(L20,3) -> 135.088 | Q20: =ROUND(N20,3) -> 178.72 | R20: =K20 -> 2026Q2 | S20: 23548.252 | T20: 7530.0881 | U20: 39566.416 | V20: =ROUND(T20,3) -> 7530.088 | W20: =ROUND(S20,3) -> 23548.252 | X20: =ROUND(U20,3) -> 39566.416
A21: =K20 -> 2026Q2 | B21: =O20 -> 91.455 | C21: =P20 -> 135.088 | D21: =Q20 -> 178.72 | E21: =V20 -> 7530.088 | F21: =W20 -> 23548.252 | G21: =X20 -> 39566.416 | K21: 2026Q3 | L21: 136.61967 | M21: 92.975033 | N21: 180.26431 | O21: =ROUND(M21,3) -> 92.975 | P21: =ROUND(L21,3) -> 136.62 | Q21: =ROUND(N21,3) -> 180.264 | R21: =K21 -> 2026Q3 | S21: 23656.687 | T21: 7193.5197 | U21: 40119.855 | V21: =ROUND(T21,3) -> 7193.52 | W21: =ROUND(S21,3) -> 23656.687 | X21: =ROUND(U21,3) -> 40119.855
A22: =K21 -> 2026Q3 | B22: =O21 -> 92.975 | C22: =P21 -> 136.62 | D22: =Q21 -> 180.264 | E22: =V21 -> 7193.52 | F22: =W21 -> 23656.687 | G22: =X21 -> 40119.855 | K22: 2026Q4 | L22: 138.17798 | M22: 94.524454 | N22: 181.83151 | O22: =ROUND(M22,3) -> 94.524 | P22: =ROUND(L22,3) -> 138.178 | Q22: =ROUND(N22,3) -> 181.832 | R22: =K22 -> 2026Q4 | S22: 23870.695 | T22: 6974.2392 | U22: 40767.151 | V22: =ROUND(T22,3) -> 6974.239 | W22: =ROUND(S22,3) -> 23870.695 | X22: =ROUND(U22,3) -> 40767.151
A23: =K22 -> 2026Q4 | B23: =O22 -> 94.524 | C23: =P22 -> 138.178 | D23: =Q22 -> 181.832 | E23: =V22 -> 6974.239 | F23: =W22 -> 23870.695 | G23: =X22 -> 40767.151 | K23: 2027Q1 | L23: 139.88259 | M23: 96.222661 | N23: 183.54253 | O23: =ROUND(M23,3) -> 96.223 | P23: =ROUND(L23,3) -> 139.883 | Q23: =ROUND(N23,3) -> 183.543 | R23: =K23 -> 2027Q1 | S23: 24121.446 | T23: 6802.5384 | U23: 41440.353 | V23: =ROUND(T23,3) -> 6802.538 | W23: =ROUND(S23,3) -> 24121.446 | X23: =ROUND(U23,3) -> 41440.353
... A34: =K33 -> 2029Q3 | B34: =O33 -> 111.823 | C34: =P33 -> 155.499 | D34: =Q33 -> 199.175 | E34: =V33 -> 5277.173 | F34: =W33 -> 26360.054 | G34: =X33 -> 47442.935 | K34: 2029Q4 | L34: 157.05533 | M34: 113.3793 | N34: 200.73135 | O34: =ROUND(M34,3) -> 113.379 | P34: =ROUND(L34,3) -> 157.055 | Q34: =ROUND(N34,3) -> 200.731 | R34: =K34 -> 2029Q4 | S34: 26574.062 | T34: 5151.1256 | U34: 47996.998 | V34: =ROUND(T34,3) -> 5151.126 | W34: =ROUND(S34,3) -> 26574.062 | X34: =ROUND(U34,3) -> 47996.998
A35: =K34 -> 2029Q4 | B35: =O34 -> 113.379 | C35: =P34 -> 157.055 | D35: =Q34 -> 200.731 | E35: =V34 -> 5151.126 | F35: =W34 -> 26574.062 | G35: =X34 -> 47996.998
A38: Mean | C38: =AVERAGE(C4:C35) -> 132.67531 | F38: =AVERAGE(F4:F35) -> 23120.918
A41: BCANCA (Minus 0.5 Standard Deviation) | K41: BCANCA (Minus 1 Standard Deviation)
B42: ACSS +USBE | E42: LVTS | L42: ACSS +USBE | O42: LVTS
A43: Year | B43: Lower Bound | C43: Forecast Minus Half A Standard Deviation (billions) | D43: Upper Bound | E43: Lower Bound | F43: =C43 -> Forecast Minus Half A Standard Deviation (billions) | G43: Upper Bound | K43: Year | L43: Lower Bound | M43: Forecast Minus One Standard Deviation (billions) | N43: Upper Bound | O43: Lower Bound | P43: =M43 -> Forecast Minus One Standard Deviation (billions) | Q43: Upper Bound
A44: =A4 -> 2022Q1 | C44: =ROUND(C4-((D4-C4)*(0.5/2)),3) -> 100.621 | F44: =ROUND(F4-((G4-F4)*(0.5/2)),3) -> 18774.069 | K44: =A4 -> 2022Q1 | M44: =ROUND(C4-((D4-C4)*(1/2)),3) -> 93.11 | P44: =ROUND(F4-((G4-F4)*(1/2)),3) -> 18051.275
A45: =A5 -> 2022Q2 | C45: =ROUND(C5-((D5-C5)*(0.5/2)),3) -> 101.082 | F45: =ROUND(F5-((G5-F5)*(0.5/2)),3) -> 18718.018 | K45: =A5 -> 2022Q2 | M45: =ROUND(C5-((D5-C5)*(1/2)),3) -> 92.484 | P45: =ROUND(F5-((G5-F5)*(1/2)),3) -> 17435.039
A46: =A6 -> 2022Q3 | C46: =ROUND(C6-((D6-C6)*(0.5/2)),3) -> 101.946 | F46: =ROUND(F6-((G6-F6)*(0.5/2)),3) -> 18458.766 | K46: =A6 -> 2022Q3 | M46: =ROUND(C6-((D6-C6)*(1/2)),3) -> 92.642 | P46: =ROUND(F6-((G6-F6)*(1/2)),3) -> 16892.866
A47: =A7 -> 2022Q4 | C47: =ROUND(C7-((D7-C7)*(0.5/2)),3) -> 103.06 | F47: =ROUND(F7-((G7-F7)*(0.5/2)),3) -> 18434.388 | K47: =A7 -> 2022Q4 | M47: =ROUND(C7-((D7-C7)*(1/2)),3) -> 93.278 | P47: =ROUND(F7-((G7-F7)*(1/2)),3) -> 16589.322
A48: =A8 -> 2023Q1 | C48: =ROUND(C8-((D8-C8)*(0.5/2)),3) -> 104.462 | F48: =ROUND(F8-((G8-F8)*(0.5/2)),3) -> 18440.651 | K48: =A8 -> 2023Q1 | M48: =ROUND(C8-((D8-C8)*(1/2)),3) -> 94.349 | P48: =ROUND(F8-((G8-F8)*(1/2)),3) -> 16370.716
A49: =A9 -> 2023Q2 | C49: =ROUND(C9-((D9-C9)*(0.5/2)),3) -> 105.757 | F49: =ROUND(F9-((G9-F9)*(0.5/2)),3) -> 18567.773 | K49: =A9 -> 2023Q2 | M49: =ROUND(C9-((D9-C9)*(1/2)),3) -> 95.414 | P49: =ROUND(F9-((G9-F9)*(1/2)),3) -> 16287.595
A50: =A10 -> 2023Q3 | C50: =ROUND(C10-((D10-C10)*(0.5/2)),3) -> 107.144 | F50: =ROUND(F10-((G10-F10)*(0.5/2)),3) -> 18482.585 | K50: =A10 -> 2023Q3 | M50: =ROUND(C10-((D10-C10)*(1/2)),3) -> 96.636 | P50: =ROUND(F10-((G10-F10)*(1/2)),3) -> 16013.324
A51: =A11 -> 2023Q4 | C51: =ROUND(C11-((D11-C11)*(0.5/2)),3) -> 108.601 | F51: =ROUND(F11-((G11-F11)*(0.5/2)),3) -> 18521.677 | K51: =A11 -> 2023Q4 | M51: =ROUND(C11-((D11-C11)*(1/2)),3) -> 97.977 | P51: =ROUND(F11-((G11-F11)*(1/2)),3) -> 15875.315
A52: =A12 -> 2024Q1 | C52: =ROUND(C12-((D12-C12)*(0.5/2)),3) -> 110.236 | F52: =ROUND(F12-((G12-F12)*(0.5/2)),3) -> 18606.087 | K52: =A12 -> 2024Q1 | M52: =ROUND(C12-((D12-C12)*(1/2)),3) -> 99.529 | P52: =ROUND(F12-((G12-F12)*(1/2)),3) -> 15794.435
A53: =A13 -> 2024Q2 | C53: =ROUND(C13-((D13-C13)*(0.5/2)),3) -> 111.69 | F53: =ROUND(F13-((G13-F13)*(0.5/2)),3) -> 18778.112 | K53: =A13 -> 2024Q2 | M53: =ROUND(C13-((D13-C13)*(1/2)),3) -> 100.924 | P53: =ROUND(F13-((G13-F13)*(1/2)),3) -> 15810.052
A54: =A14 -> 2024Q3 | C54: =ROUND(C14-((D14-C14)*(0.5/2)),3) -> 113.188 | F54: =ROUND(F14-((G14-F14)*(0.5/2)),3) -> 18737.878 | K54: =A14 -> 2024Q3 | M54: =ROUND(C14-((D14-C14)*(1/2)),3) -> 102.378 | P54: =ROUND(F14-((G14-F14)*(1/2)),3) -> 15621.392
A55: =A15 -> 2024Q4 | C55: =ROUND(C15-((D15-C15)*(0.5/2)),3) -> 114.722 | F55: =ROUND(F15-((G15-F15)*(0.5/2)),3) -> 18810.266 | K55: =A15 -> 2024Q4 | M55: =ROUND(C15-((D15-C15)*(1/2)),3) -> 103.882 | P55: =ROUND(F15-((G15-F15)*(1/2)),3) -> 15552.043
... A75: =A35 -> 2029Q4 | C75: =ROUND(C35-((D35-C35)*(0.5/2)),3) -> 146.136 | F75: =ROUND(F35-((G35-F35)*(0.5/2)),3) -> 21218.328 | K75: =A35 -> 2029Q4 | M75: =ROUND(C35-((D35-C35)*(1/2)),3) -> 135.217 | P75: =ROUND(F35-((G35-F35)*(1/2)),3) -> 15862.594

Sheet BLCMCA
A1: BLCMCA | L1: ACSS | S1: LVTS
B2: ACSS +USBE | E2: LVTS | L2: Point Forecast | M2: Lo 95 | N2: Hi 95 | O2: Lo 95 | P2: Point Forecast | Q2: Hi 95 | S2: Point Forecast | T2: Lo 95 | U2: Hi 95 | V2: Lo 95 | W2: Point Forecast | X2: Hi 95
A3: Year | B3: Lower Bound | C3: Value Forecast (billions) | D3: Upper Bound | E3: Lower Bound | F3: Value Forecast (billions) | G3: Upper Bound | K3: 2022Q1 | L3: 8.5143887 | M3: 6.0186275 | N3: 11.01015 | O3: =ROUND(M3,3) -> 6.019 | P3: =ROUND(L3,3) -> 8.514 | Q3: =ROUND(N3,3) -> 11.01 | R3: =K3 -> 2022Q1 | S3: 45.399571 | T3: 31.68026 | U3: 59.118882 | V3: =ROUND(T3,3) -> 31.68 | W3: =ROUND(S3,3) -> 45.4 | X3: =ROUND(U3,3) -> 59.119
A4: =K3 -> 2022Q1 | B4: =O3 -> 6.019 | C4: =P3 -> 8.514 | D4: =Q3 -> 11.01 | E4: =V3 -> 31.68 | F4: =W3 -> 45.4 | G4: =X3 -> 59.119 | K4: 2022Q2 | L4: 10.184414 | M4: 7.3391142 | N4: 13.029715 | O4: =ROUND(M4,3) -> 7.339 | P4: =ROUND(L4,3) -> 10.184 | Q4: =ROUND(N4,3) -> 13.03 | R4: =K4 -> 2022Q2 | S4: 46.358093 | T4: 29.504473 | U4: 63.211713 | V4: =ROUND(T4,3) -> 29.504 | W4: =ROUND(S4,3) -> 46.358 | X4: =ROUND(U4,3) -> 63.212
A5: =K4 -> 2022Q2 | B5: =O4 -> 7.339 | C5: =P4 -> 10.184 | D5: =Q4 -> 13.03 | E5: =V4 -> 29.504 | F5: =W4 -> 46.358 | G5: =X4 -> 63.212 | I5: =SUM(F5:F8) -> 181.366 | K5: 2022Q3 | L5: 9.0813771 | M5: 5.9868154 | N5: 12.175939 | O5: =ROUND(M5,3) -> 5.987 | P5: =ROUND(L5,3) -> 9.081 | Q5: =ROUND(N5,3) -> 12.176 | R5: =K5 -> 2022Q3 | S5: 44.951635 | T5: 25.816929 | U5: 64.08634 | V5: =ROUND(T5,3) -> 25.817 | W5: =ROUND(S5,3) -> 44.952 | X5: =ROUND(U5,3) -> 64.086
A6: =K5 -> 2022Q3 | B6: =O5 -> 5.987 | C6: =P5 -> 9.081 | D6: =Q5 -> 12.176 | E6: =V5 -> 25.817 | F6: =W5 -> 44.952 | G6: =X5 -> 64.086 | I6: =SUM(F9:F12) -> 180.253 | K6: 2022Q4 | L6: 9.6924403 | M6: 6.413644 | N6: 12.971237 | O6: =ROUND(M6,3) -> 6.414 | P6: =ROUND(L6,3) -> 9.692 | Q6: =ROUND(N6,3) -> 12.971 | R6: =K6 -> 2022Q4 | S6: 45.03357 | T6: 23.919582 | U6: 66.147558 | V6: =ROUND(T6,3) -> 23.92 | W6: =ROUND(S6,3) -> 45.034 | X6: =ROUND(U6,3) -> 66.148
A7: =K6 -> 2022Q4 | B7: =O6 -> 6.414 | C7: =P6 -> 9.692 | D7: =Q6 -> 12.971 | E7: =V6 -> 23.92 | F7: =W6 -> 45.034 | G7: =X6 -> 66.148 | I7: =SUM(F13:F16) -> 179.162 | K7: 2023Q1 | L7: 8.4601995 | M7: 5.042347 | N7: 11.878052 | O7: =ROUND(M7,3) -> 5.042 | P7: =ROUND(L7,3) -> 8.46 | Q7: =ROUND(N7,3) -> 11.878 | R7: =K7 -> 2023Q1 | S7: 45.022267 | T7: 22.108999 | U7: 67.935534 | V7: =ROUND(T7,3) -> 22.109 | W7: =ROUND(S7,3) -> 45.022 | X7: =ROUND(U7,3) -> 67.936
A8: =K7 -> 2023Q1 | B8: =O7 -> 5.042 | C8: =P7 -> 8.46 | D8: =Q7 -> 11.878 | E8: =V7 -> 22.109 | F8: =W7 -> 45.022 | G8: =X7 -> 67.936 | I8: =SUM(F17:F20) -> 178.074 | K8: 2023Q2 | L8: 10.088782 | M8: 6.5645483 | N8: 13.613016 | O8: =ROUND(M8,3) -> 6.565 | P8: =ROUND(L8,3) -> 10.089 | Q8: =ROUND(N8,3) -> 13.613 | R8: =K8 -> 2023Q2 | S8: 46.066295 | T8: 21.48678 | U8: 70.64581 | V8: =ROUND(T8,3) -> 21.487 | W8: =ROUND(S8,3) -> 46.066 | X8: =ROUND(U8,3) -> 70.646
A9: =K8 -> 2023Q2 | B9: =O8 -> 6.565 | C9: =P8 -> 10.089 | D9: =Q8 -> 13.613 | E9: =V8 -> 21.487 | F9: =W8 -> 46.066 | G9: =X8 -> 70.646 | I9: =SUM(F21:F24) -> 176.985 | K9: 2023Q3 | L9: 8.948838 | M9: 5.3424674 | N9: 12.555209 | O9: =ROUND(M9,3) -> 5.342 | P9: =ROUND(L9,3) -> 8.949 | Q9: =ROUND(N9,3) -> 12.555 | R9: =K9 -> 2023Q3 | S9: 44.675686 | T9: 18.536214 | U9: 70.815158 | V9: =ROUND(T9,3) -> 18.536 | W9: =ROUND(S9,3) -> 44.676 | X9: =ROUND(U9,3) -> 70.815
A10: =K9 -> 2023Q3 | B10: =O9 -> 5.342 | C10: =P9 -> 8.949 | D10: =Q9 -> 12.555 | E10: =V9 -> 18.536 | F10: =W9 -> 44.676 | G10: =X9 -> 70.815 | I10: =SUM(F25:F28) -> 175.894 | K10: 2023Q4 | L10: 9.5270342 | M10: 5.8568306 | N10: 13.197238 | O10: =ROUND(M10,3) -> 5.857 | P10: =ROUND(L10,3) -> 9.527 | Q10: =ROUND(N10,3) -> 13.197 | R10: =K10 -> 2023Q4 | S10: 44.76056 | T10: 17.149175 | U10: 72.371945 | V10: =ROUND(T10,3) -> 17.149 | W10: =ROUND(S10,3) -> 44.761 | X10: =ROUND(U10,3) -> 72.372
A11: =K10 -> 2023Q4 | B11: =O10 -> 5.857 | C11: =P10 -> 9.527 | D11: =Q10 -> 13.197 | E11: =V10 -> 17.149 | F11: =W10 -> 44.761 | G11: =X10 -> 72.372 | I11: =SUM(F29:F32) -> 174.806 | K11: 2024Q1 | L11: 8.2655239 | M11: 4.5454755 | N11: 11.985572 | O11: =ROUND(M11,3) -> 4.545 | P11: =ROUND(L11,3) -> 8.266 | Q11: =ROUND(N11,3) -> 11.986 | R11: =K11 -> 2024Q1 | S11: 44.749801 | T11: 15.741101 | U11: 73.758501 | V11: =ROUND(T11,3) -> 15.741 | W11: =ROUND(S11,3) -> 44.75 | X11: =ROUND(U11,3) -> 73.759
A12: =K11 -> 2024Q1 | B12: =O11 -> 4.545 | C12: =P11 -> 8.266 | D12: =Q11 -> 11.986 | E12: =V11 -> 15.741 | F12: =W11 -> 44.75 | G12: =X11 -> 73.759 | K12: 2024Q2 | L12: 9.868041 | M12: 6.1089322 | N12: 13.62715 | O12: =ROUND(M12,3) -> 6.109 | P12: =ROUND(L12,3) -> 9.868 | Q12: =ROUND(N12,3) -> 13.627 | R12: =K12 -> 2024Q2 | S12: 45.79393 | T12: 15.452199 | U12: 76.135661 | V12: =ROUND(T12,3) -> 15.452 | W12: =ROUND(S12,3) -> 45.794 | X12: =ROUND(U12,3) -> 76.136
A13: =K12 -> 2024Q2 | B13: =O12 -> 6.109 | C13: =P12 -> 9.868 | D13: =Q12 -> 13.627 | E13: =V12 -> 15.452 | F13: =W12 -> 45.794 | G13: =X12 -> 76.136 | K13: 2024Q3 | L13: 8.7048843 | M13: 4.9150845 | N13: 12.494684 | O13: =ROUND(M13,3) -> 4.915 | P13: =ROUND(L13,3) -> 8.705 | Q13: =ROUND(N13,3) -> 12.495 | R13: =K13 -> 2024Q3 | S13: 44.40334 | T13: 12.784729 | U13: 76.021952 | V13: =ROUND(T13,3) -> 12.785 | W13: =ROUND(S13,3) -> 44.403 | X13: =ROUND(U13,3) -> 76.022
A14: =K13 -> 2024Q3 | B14: =O13 -> 4.915 | C14: =P13 -> 8.705 | D14: =Q13 -> 12.495 | E14: =V13 -> 12.785 | F14: =W13 -> 44.403 | G14: =X13 -> 76.022 | K14: 2024Q4 | L14: 9.2624087 | M14: 5.4484445 | N14: 13.076373 | O14: =ROUND(M14,3) -> 5.448 | P14: =ROUND(L14,3) -> 9.262 | Q14: =ROUND(N14,3) -> 13.076 | R14: =K14 -> 2024Q4 | S14: 44.488217 | T14: 11.642326 | U14: 77.334108 | V14: =ROUND(T14,3) -> 11.642 | W14: =ROUND(S14,3) -> 44.488 | X14: =ROUND(U14,3) -> 77.334
A15: =K14 -> 2024Q4 | B15: =O14 -> 5.448 | C15: =P14 -> 9.262 | D15: =Q14 -> 13.076 | E15: =V14 -> 11.642 | F15: =W14 -> 44.488 | G15: =X14 -> 77.334 | K15: 2025Q1 | L15: 7.9824895 | M15: 4.1494697 | N15: 11.815509 | O15: =ROUND(M15,3) -> 4.149 | P15: =ROUND(L15,3) -> 7.982 | Q15: =ROUND(N15,3) -> 11.816 | R15: =K15 -> 2025Q1 | S15: 44.477459 | T15: 10.448522 | U15: 78.506395 | V15: =ROUND(T15,3) -> 10.449 | W15: =ROUND(S15,3) -> 44.477 | X15: =ROUND(U15,3) -> 78.506
A16: =K15 -> 2025Q1 | B16: =O15 -> 4.149 | C16: =P15 -> 7.982 | D16: =Q15 -> 11.816 | E16: =V15 -> 10.449 | F16: =W15 -> 44.477 | G16: =X15 -> 78.506 | K16: 2025Q2 | L16: 9.5686125 | M16: 5.7205476 | N16: 13.416678 | O16: =ROUND(M16,3) -> 5.721 | P16: =ROUND(L16,3) -> 9.569 | Q16: =ROUND(N16,3) -> 13.417 | R16: =K16 -> 2025Q2 | S16: 45.521588 | T16: 10.349377 | U16: 80.6938 | V16: =ROUND(T16,3) -> 10.349 | W16: =ROUND(S16,3) -> 45.522 | X16: =ROUND(U16,3) -> 80.694
A17: =K16 -> 2025Q2 | B17: =O16 -> 5.721 | C17: =P16 -> 9.569 | D17: =Q16 -> 13.417 | E17: =V16 -> 10.349 | F17: =W16 -> 45.522 | G17: =X16 -> 80.694 | K17: 2025Q3 | L17: 8.3908563 | M17: 4.5309012 | N17: 12.250811 | O17: =ROUND(M17,3) -> 4.531 | P17: =ROUND(L17,3) -> 8.391 | Q17: =ROUND(N17,3) -> 12.251 | R17: =K17 -> 2025Q3 | S17: 44.130998 | T17: 7.8515217 | U17: 80.410475 | V17: =ROUND(T17,3) -> 7.852 | W17: =ROUND(S17,3) -> 44.131 | X17: =ROUND(U17,3) -> 80.41
A18: =K17 -> 2025Q3 | B18: =O17 -> 4.531 | C18: =P17 -> 8.391 | D18: =Q17 -> 12.251 | E18: =V17 -> 7.852 | F18: =W17 -> 44.131 | G18: =X17 -> 80.41 | K18: 2025Q4 | L18: 8.9353793 | M18: 5.0660206 | N18: 12.804738 | O18: =ROUND(M18,3) -> 5.066 | P18: =ROUND(L18,3) -> 8.935 | Q18: =ROUND(N18,3) -> 12.805 | R18: =K18 -> 2025Q4 | S18: 44.215875 | T18: 6.8619415 | U18: 81.569809 | V18: =ROUND(T18,3) -> 6.862 | W18: =ROUND(S18,3) -> 44.216 | X18: =ROUND(U18,3) -> 81.57
A19: =K18 -> 2025Q4 | B19: =O18 -> 5.066 | C19: =P18 -> 8.935 | D19: =Q18 -> 12.805 | E19: =V18 -> 6.862 | F19: =W18 -> 44.216 | G19: =X18 -> 81.57 | K19: 2026Q1 | L19: 7.6438817 | M19: 3.7670815 | N19: 11.520682 | O19: =ROUND(M19,3) -> 3.767 | P19: =ROUND(L19,3) -> 7.644 | Q19: =ROUND(N19,3) -> 11.521 | R19: =K19 -> 2026Q1 | S19: 44.205117 | T19: 5.8067794 | U19: 82.603455 | V19: =ROUND(T19,3) -> 5.807 | W19: =ROUND(S19,3) -> 44.205 | X19: =ROUND(U19,3) -> 82.603
A20: =K19 -> 2026Q1 | B20: =O19 -> 3.767 | C20: =P19 -> 7.644 | D20: =Q19 -> 11.521 | E20: =V19 -> 5.807 | F20: =W19 -> 44.205 | G20: =X19 -> 82.603 | K20: 2026Q2 | L20: 9.2196938 | M20: 5.3370021 | N20: 13.102385 | O20: =ROUND(M20,3) -> 5.337 | P20: =ROUND(L20,3) -> 9.22 | Q20: =ROUND(N20,3) -> 13.102 | R20: =K20 -> 2026Q2 | S20: 45.249247 | T20: 5.8341696 | U20: 84.664324 | V20: =ROUND(T20,3) -> 5.834 | W20: =ROUND(S20,3) -> 45.249 | X20: =ROUND(U20,3) -> 84.664
A21: =K20 -> 2026Q2 | B21: =O20 -> 5.337 | C21: =P20 -> 9.22 | D21: =Q20 -> 13.102 | E21: =V20 -> 5.834 | F21: =W20 -> 45.249 | G21: =X20 -> 84.664 | K21: 2026Q3 | L21: 8.0327552 | M21: 4.1453976 | N21: 11.920113 | O21: =ROUND(M21,3) -> 4.145 | P21: =ROUND(L21,3) -> 8.033 | Q21: =ROUND(N21,3) -> 11.92 | R21: =K21 -> 2026Q3 | S21: 43.858656 | T21: 3.4524163 | U21: 84.264897 | V21: =ROUND(T21,3) -> 3.452 | W21: =ROUND(S21,3) -> 43.859 | X21: =ROUND(U21,3) -> 84.265
A22: =K21 -> 2026Q3 | B22: =O21 -> 4.145 | C22: =P21 -> 8.033 | D22: =Q21 -> 11.92 | E22: =V21 -> 3.452 | F22: =W21 -> 43.859 | G22: =X21 -> 84.265 | K22: 2026Q4 | L22: 8.5691008 | M22: 4.6780469 | N22: 12.460155 | O22: =ROUND(M22,3) -> 4.678 | P22: =ROUND(L22,3) -> 8.569 | Q22: =ROUND(N22,3) -> 12.46 | R22: =K22 -> 2026Q4 | S22: 43.943534 | T22: 2.569868 | U22: 85.317199 | V22: =ROUND(T22,3) -> 2.57 | W22: =ROUND(S22,3) -> 43.944 | X22: =ROUND(U22,3) -> 85.317
A23: =K22 -> 2026Q4 | B23: =O22 -> 4.678 | C23: =P22 -> 8.569 | D23: =Q22 -> 12.46 | E23: =V22 -> 2.57 | F23: =W22 -> 43.944 | G23: =X22 -> 85.317 | K23: 2027Q1 | L23: 7.270321 | M23: 3.3763381 | N23: 11.164304 | O23: =ROUND(M23,3) -> 3.376 | P23: =ROUND(L23,3) -> 7.27 | Q23: =ROUND(N23,3) -> 11.164 | R23: =K23 -> 2027Q1 | S23: 43.932775 | T23: 1.6137942 | U23: 86.251756 | V23: =ROUND(T23,3) -> 1.614 | W23: =ROUND(S23,3) -> 43.933 | X23: =ROUND(U23,3) -> 86.252
... A34: =K33 -> 2029Q3 | B34: =O33 -> 2.925 | C34: =P33 -> 6.829 | D34: =Q33 -> 10.734 | E34: =V33 -> -7.772 | F34: =W33 -> 43.042 | G34: =X33 -> 93.856 | K34: 2029Q4 | L34: 7.3553913 | M34: 3.4510771 | N34: 11.259705 | O34: =ROUND(M34,3) -> 3.451 | P34: =ROUND(L34,3) -> 7.355 | Q34: =ROUND(N34,3) -> 11.26 | R34: =K34 -> 2029Q4 | S34: 43.126508 | T34: -8.4600373 | U34: 94.713054 | V34: =ROUND(T34,3) -> -8.46 | W34: =ROUND(S34,3) -> 43.127 | X34: =ROUND(U34,3) -> 94.713
A35: =K34 -> 2029Q4 | B35: =O34 -> 3.451 | C35: =P34 -> 7.355 | D35: =Q34 -> 11.26 | E35: =V34 -> -8.46 | F35: =W34 -> 43.127 | G35: =X34 -> 94.713
A38: Mean | C38: =AVERAGE(C4:C35) -> 8.4338437 | F38: =AVERAGE(F4:F35) -> 44.454406
A41: BLCMCA (Minus 0.5 Standard Deviation) | K41: BLCMCA (Minus 1 Standard Deviation)
B42: ACSS +USBE | E42: LVTS | L42: ACSS +USBE | O42: LVTS
A43: Year | B43: Lower Bound | C43: Forecast Minus Half A Standard Deviation (billions) | D43: Upper Bound | E43: Lower Bound | F43: =C43 -> Forecast Minus Half A Standard Deviation (billions) | G43: Upper Bound | K43: Year | L43: Lower Bound | M43: Forecast Minus One Standard Deviation (billions) | N43: Upper Bound | O43: Lower Bound | P43: =M43 -> Forecast Minus One Standard Deviation (billions) | Q43: Upper Bound
A44: =A4 -> 2022Q1 | C44: =ROUND(C4-((D4-C4)*(0.5/2)),3) -> 7.89 | F44: =ROUND(F4-((G4-F4)*(0.5/2)),3) -> 41.97 | K44: =A4 -> 2022Q1 | M44: =ROUND(C4-((D4-C4)*(1/2)),3) -> 7.266 | P44: =ROUND(F4-((G4-F4)*(1/2)),3) -> 38.541
A45: =A5 -> 2022Q2 | C45: =ROUND(C5-((D5-C5)*(0.5/2)),3) -> 9.473 | F45: =ROUND(F5-((G5-F5)*(0.5/2)),3) -> 42.145 | K45: =A5 -> 2022Q2 | M45: =ROUND(C5-((D5-C5)*(1/2)),3) -> 8.761 | P45: =ROUND(F5-((G5-F5)*(1/2)),3) -> 37.931
A46: =A6 -> 2022Q3 | C46: =ROUND(C6-((D6-C6)*(0.5/2)),3) -> 8.307 | F46: =ROUND(F6-((G6-F6)*(0.5/2)),3) -> 40.169 | K46: =A6 -> 2022Q3 | M46: =ROUND(C6-((D6-C6)*(1/2)),3) -> 7.534 | P46: =ROUND(F6-((G6-F6)*(1/2)),3) -> 35.385
A47: =A7 -> 2022Q4 | C47: =ROUND(C7-((D7-C7)*(0.5/2)),3) -> 8.872 | F47: =ROUND(F7-((G7-F7)*(0.5/2)),3) -> 39.756 | K47: =A7 -> 2022Q4 | M47: =ROUND(C7-((D7-C7)*(1/2)),3) -> 8.053 | P47: =ROUND(F7-((G7-F7)*(1/2)),3) -> 34.477
A48: =A8 -> 2023Q1 | C48: =ROUND(C8-((D8-C8)*(0.5/2)),3) -> 7.606 | F48: =ROUND(F8-((G8-F8)*(0.5/2)),3) -> 39.294 | K48: =A8 -> 2023Q1 | M48: =ROUND(C8-((D8-C8)*(1/2)),3) -> 6.751 | P48: =ROUND(F8-((G8-F8)*(1/2)),3) -> 33.565
A49: =A9 -> 2023Q2 | C49: =ROUND(C9-((D9-C9)*(0.5/2)),3) -> 9.208 | F49: =ROUND(F9-((G9-F9)*(0.5/2)),3) -> 39.921 | K49: =A9 -> 2023Q2 | M49: =ROUND(C9-((D9-C9)*(1/2)),3) -> 8.327 | P49: =ROUND(F9-((G9-F9)*(1/2)),3) -> 33.776
A50: =A10 -> 2023Q3 | C50: =ROUND(C10-((D10-C10)*(0.5/2)),3) -> 8.048 | F50: =ROUND(F10-((G10-F10)*(0.5/2)),3) -> 38.141 | K50: =A10 -> 2023Q3 | M50: =ROUND(C10-((D10-C10)*(1/2)),3) -> 7.146 | P50: =ROUND(F10-((G10-F10)*(1/2)),3) -> 31.607
A51: =A11 -> 2023Q4 | C51: =ROUND(C11-((D11-C11)*(0.5/2)),3) -> 8.61 | F51: =ROUND(F11-((G11-F11)*(0.5/2)),3) -> 37.858 | K51: =A11 -> 2023Q4 | M51: =ROUND(C11-((D11-C11)*(1/2)),3) -> 7.692 | P51: =ROUND(F11-((G11-F11)*(1/2)),3) -> 30.956
A52: =A12 -> 2024Q1 | C52: =ROUND(C12-((D12-C12)*(0.5/2)),3) -> 7.336 | F52: =ROUND(F12-((G12-F12)*(0.5/2)),3) -> 37.498 | K52: =A12 -> 2024Q1 | M52: =ROUND(C12-((D12-C12)*(1/2)),3) -> 6.406 | P52: =ROUND(F12-((G12-F12)*(1/2)),3) -> 30.246
A53: =A13 -> 2024Q2 | C53: =ROUND(C13-((D13-C13)*(0.5/2)),3) -> 8.928 | F53: =ROUND(F13-((G13-F13)*(0.5/2)),3) -> 38.209 | K53: =A13 -> 2024Q2 | M53: =ROUND(C13-((D13-C13)*(1/2)),3) -> 7.989 | P53: =ROUND(F13-((G13-F13)*(1/2)),3) -> 30.623
A54: =A14 -> 2024Q3 | C54: =ROUND(C14-((D14-C14)*(0.5/2)),3) -> 7.758 | F54: =ROUND(F14-((G14-F14)*(0.5/2)),3) -> 36.498 | K54: =A14 -> 2024Q3 | M54: =ROUND(C14-((D14-C14)*(1/2)),3) -> 6.81 | P54: =ROUND(F14-((G14-F14)*(1/2)),3) -> 28.594
A55: =A15 -> 2024Q4 | C55: =ROUND(C15-((D15-C15)*(0.5/2)),3) -> 8.309 | F55: =ROUND(F15-((G15-F15)*(0.5/2)),3) -> 36.277 | K55: =A15 -> 2024Q4 | M55: =ROUND(C15-((D15-C15)*(1/2)),3) -> 7.355 | P55: =ROUND(F15-((G15-F15)*(1/2)),3) -> 28.065
... A75: =A35 -> 2029Q4 | C75: =ROUND(C35-((D35-C35)*(0.5/2)),3) -> 6.379 | F75: =ROUND(F35-((G35-F35)*(0.5/2)),3) -> 30.231 | K75: =A35 -> 2029Q4 | M75: =ROUND(C35-((D35-C35)*(1/2)),3) -> 5.403 | P75: =ROUND(F35-((G35-F35)*(1/2)),3) -> 17.334

Sheet BNDCCA
A1: BNDCCA | L1: ACSS | S1: LVTS
B2: ACSS +USBE | E2: LVTS | L2: Point Forecast | M2: Lo 95 | N2: Hi 95 | O2: Lo 95 | P2: Point Forecast | Q2: Hi 95 | S2: Point Forecast | T2: Lo 95 | U2: Hi 95 | V2: Lo 95 | W2: Point Forecast | X2: Hi 95
A3: Year | B3: Lower Bound | C3: Value Forecast (billions) | D3: Upper Bound | E3: Lower Bound | F3: Value Forecast (billions) | G3: Upper Bound | K3: 2022Q1 | L3: 203.77507 | M3: 186.82089 | N3: 220.72926 | O3: =ROUND(M3,3) -> 186.821 | P3: =ROUND(L3,3) -> 203.775 | Q3: =ROUND(N3,3) -> 220.729 | R3: =K3 -> 2022Q1 | S3: 2419.8718 | T3: 2149.5227 | U3: 2690.221 | V3: =ROUND(T3,3) -> 2149.523 | W3: =ROUND(S3,3) -> 2419.872 | X3: =ROUND(U3,3) -> 2690.221
A4: =K3 -> 2022Q1 | B4: =O3 -> 186.821 | C4: =P3 -> 203.775 | D4: =Q3 -> 220.729 | E4: =V3 -> 2149.523 | F4: =W3 -> 2419.872 | G4: =X3 -> 2690.221 | K4: 2022Q2 | L4: 226.16848 | M4: 203.78904 | N4: 248.54792 | O4: =ROUND(M4,3) -> 203.789 | P4: =ROUND(L4,3) -> 226.168 | Q4: =ROUND(N4,3) -> 248.548 | R4: =K4 -> 2022Q2 | S4: 2482.2742 | T4: 2072.4537 | U4: 2892.0947 | V4: =ROUND(T4,3) -> 2072.454 | W4: =ROUND(S4,3) -> 2482.274 | X4: =ROUND(U4,3) -> 2892.095
A5: =K4 -> 2022Q2 | B5: =O4 -> 203.789 | C5: =P4 -> 226.168 | D5: =Q4 -> 248.548 | E5: =V4 -> 2072.454 | F5: =W4 -> 2482.274 | G5: =X4 -> 2892.095 | I5: =SUM(F5:F8) -> 9975.961 | K5: 2022Q3 | L5: 208.72723 | M5: 182.89447 | N5: 234.56 | O5: =ROUND(M5,3) -> 182.894 | P5: =ROUND(L5,3) -> 208.727 | Q5: =ROUND(N5,3) -> 234.56 | R5: =K5 -> 2022Q3 | S5: 2468.1143 | T5: 1974.0276 | U5: 2962.2009 | V5: =ROUND(T5,3) -> 1974.028 | W5: =ROUND(S5,3) -> 2468.114 | X5: =ROUND(U5,3) -> 2962.201
A6: =K5 -> 2022Q3 | B6: =O5 -> 182.894 | C6: =P5 -> 208.727 | D6: =Q5 -> 234.56 | E6: =V5 -> 1974.028 | F6: =W5 -> 2468.114 | G6: =X5 -> 2962.201 | I6: =SUM(F9:F12) -> 10332.906 | K6: 2022Q4 | L6: 211.02892 | M6: 182.79365 | N6: 239.26419 | O6: =ROUND(M6,3) -> 182.794 | P6: =ROUND(L6,3) -> 211.029 | Q6: =ROUND(N6,3) -> 239.264 | R6: =K6 -> 2022Q4 | S6: 2513.7076 | T6: 1934.0031 | U6: 3093.4121 | V6: =ROUND(T6,3) -> 1934.003 | W6: =ROUND(S6,3) -> 2513.708 | X6: =ROUND(U6,3) -> 3093.412
A7: =K6 -> 2022Q4 | B7: =O6 -> 182.794 | C7: =P6 -> 211.029 | D7: =Q6 -> 239.264 | E7: =V6 -> 1934.003 | F7: =W6 -> 2513.708 | G7: =X6 -> 3093.412 | I7: =SUM(F13:F16) -> 10690.125 | K7: 2023Q1 | L7: 195.3551 | M7: 165.37881 | N7: 225.3314 | O7: =ROUND(M7,3) -> 165.379 | P7: =ROUND(L7,3) -> 195.355 | Q7: =ROUND(N7,3) -> 225.331 | R7: =K7 -> 2023Q1 | S7: 2511.8653 | T7: 1868.0545 | U7: 3155.6762 | V7: =ROUND(T7,3) -> 1868.054 | W7: =ROUND(S7,3) -> 2511.865 | X7: =ROUND(U7,3) -> 3155.676
A8: =K7 -> 2023Q1 | B8: =O7 -> 165.379 | C8: =P7 -> 195.355 | D8: =Q7 -> 225.331 | E8: =V7 -> 1868.054 | F8: =W7 -> 2511.865 | G8: =X7 -> 3155.676 | I8: =SUM(F17:F20) -> 11047.49 | K8: 2023Q2 | L8: 218.92746 | M8: 187.66005 | N8: 250.19487 | O8: =ROUND(M8,3) -> 187.66 | P8: =ROUND(L8,3) -> 218.927 | Q8: =ROUND(N8,3) -> 250.195 | R8: =K8 -> 2023Q2 | S8: 2569.4315 | T8: 1859.2629 | U8: 3279.6001 | V8: =ROUND(T8,3) -> 1859.263 | W8: =ROUND(S8,3) -> 2569.431 | X8: =ROUND(U8,3) -> 3279.6
A9: =K8 -> 2023Q2 | B9: =O8 -> 187.66 | C9: =P8 -> 218.927 | D9: =Q8 -> 250.195 | E9: =V8 -> 1859.263 | F9: =W8 -> 2569.431 | G9: =X8 -> 3279.6 | I9: =SUM(F21:F24) -> 11404.926 | K9: 2023Q3 | L9: 202.52757 | M9: 170.28871 | N9: 234.76643 | O9: =ROUND(M9,3) -> 170.289 | P9: =ROUND(L9,3) -> 202.528 | Q9: =ROUND(N9,3) -> 234.766 | R9: =K9 -> 2023Q3 | S9: 2559.3838 | T9: 1794.9012 | U9: 3323.8664 | V9: =ROUND(T9,3) -> 1794.901 | W9: =ROUND(S9,3) -> 2559.384 | X9: =ROUND(U9,3) -> 3323.866
A10: =K9 -> 2023Q3 | B10: =O9 -> 170.289 | C10: =P9 -> 202.528 | D10: =Q9 -> 234.766 | E10: =V9 -> 1794.901 | F10: =W9 -> 2559.384 | G10: =X9 -> 3323.866 | I10: =SUM(F25:F28) -> 11762.402 | K10: 2023Q4 | L10: 205.74909 | M10: 172.77217 | N10: 238.72601 | O10: =ROUND(M10,3) -> 172.772 | P10: =ROUND(L10,3) -> 205.749 | Q10: =ROUND(N10,3) -> 238.726 | R10: =K10 -> 2023Q4 | S10: 2601.4804 | T10: 1781.2456 | U10: 3421.7153 | V10: =ROUND(T10,3) -> 1781.246 | W10: =ROUND(S10,3) -> 2601.48 | X10: =ROUND(U10,3) -> 3421.715
A11: =K10 -> 2023Q4 | B11: =O10 -> 172.772 | C11: =P10 -> 205.749 | D11: =Q10 -> 238.726 | E11: =V10 -> 1781.246 | F11: =W10 -> 2601.48 | G11: =X10 -> 3421.715 | I11: =SUM(F29:F32) -> 12119.9 | K11: 2024Q1 | L11: 190.88774 | M11: 157.34626 | N11: 224.42923 | O11: =ROUND(M11,3) -> 157.346 | P11: =ROUND(L11,3) -> 190.888 | Q11: =ROUND(N11,3) -> 224.429 | R11: =K11 -> 2024Q1 | S11: 2602.6115 | T11: 1734.2279 | U11: 3470.995 | V11: =ROUND(T11,3) -> 1734.228 | W11: =ROUND(S11,3) -> 2602.611 | X11: =ROUND(U11,3) -> 3470.995
A12: =K11 -> 2024Q1 | B12: =O11 -> 157.346 | C12: =P11 -> 190.888 | D12: =Q11 -> 224.429 | E12: =V11 -> 1734.228 | F12: =W11 -> 2602.611 | G12: =X11 -> 3470.995 | K12: 2024Q2 | L12: 215.17775 | M12: 181.2023 | N12: 249.15321 | O12: =ROUND(M12,3) -> 181.202 | P12: =ROUND(L12,3) -> 215.178 | Q12: =ROUND(N12,3) -> 249.153 | R12: =K12 -> 2024Q2 | S12: 2657.6494 | T12: 1740.3882 | U12: 3574.9106 | V12: =ROUND(T12,3) -> 1740.388 | W12: =ROUND(S12,3) -> 2657.649 | X12: =ROUND(U12,3) -> 3574.911
A13: =K12 -> 2024Q2 | B13: =O12 -> 181.202 | C13: =P12 -> 215.178 | D13: =Q12 -> 249.153 | E13: =V12 -> 1740.388 | F13: =W12 -> 2657.649 | G13: =X12 -> 3574.911 | K13: 2024Q3 | L13: 199.41176 | M13: 165.10154 | N13: 233.72199 | O13: =ROUND(M13,3) -> 165.102 | P13: =ROUND(L13,3) -> 199.412 | Q13: =ROUND(N13,3) -> 233.722 | R13: =K13 -> 2024Q3 | S13: 2649.7515 | T13: 1688.7345 | U13: 3610.7684 | V13: =ROUND(T13,3) -> 1688.735 | W13: =ROUND(S13,3) -> 2649.751 | X13: =ROUND(U13,3) -> 3610.768
A14: =K13 -> 2024Q3 | B14: =O13 -> 165.102 | C14: =P13 -> 199.412 | D14: =Q13 -> 233.722 | E14: =V13 -> 1688.735 | F14: =W13 -> 2649.751 | G14: =X13 -> 3610.768 | K14: 2024Q4 | L14: 203.1932 | M14: 168.62404 | N14: 237.76236 | O14: =ROUND(M14,3) -> 168.624 | P14: =ROUND(L14,3) -> 203.193 | Q14: =ROUND(N14,3) -> 237.762 | R14: =K14 -> 2024Q4 | S14: 2690.0202 | T14: 1685.0029 | U14: 3695.0374 | V14: =ROUND(T14,3) -> 1685.003 | W14: =ROUND(S14,3) -> 2690.02 | X14: =ROUND(U14,3) -> 3695.037
A15: =K14 -> 2024Q4 | B15: =O14 -> 168.624 | C15: =P14 -> 203.193 | D15: =Q14 -> 237.762 | E15: =V14 -> 1685.003 | F15: =W14 -> 2690.02 | G15: =X14 -> 3695.037 | K15: 2025Q1 | L15: 188.82643 | M15: 154.05658 | N15: 223.59628 | O15: =ROUND(M15,3) -> 154.057 | P15: =ROUND(L15,3) -> 188.826 | Q15: =ROUND(N15,3) -> 223.596 | R15: =K15 -> 2025Q1 | S15: 2692.7055 | T15: 1647.2941 | U15: 3738.1169 | V15: =ROUND(T15,3) -> 1647.294 | W15: =ROUND(S15,3) -> 2692.705 | X15: =ROUND(U15,3) -> 3738.117
A16: =K15 -> 2025Q1 | B16: =O15 -> 154.057 | C16: =P15 -> 188.826 | D16: =Q15 -> 223.596 | E16: =V15 -> 1647.294 | F16: =W15 -> 2692.705 | G16: =X15 -> 3738.117 | K16: 2025Q2 | L16: 213.55329 | M16: 178.62767 | N16: 248.47892 | O16: =ROUND(M16,3) -> 178.628 | P16: =ROUND(L16,3) -> 213.553 | Q16: =ROUND(N16,3) -> 248.479 | R16: =K16 -> 2025Q2 | S16: 2746.4218 | T16: 1660.6802 | U16: 3832.1635 | V16: =ROUND(T16,3) -> 1660.68 | W16: =ROUND(S16,3) -> 2746.422 | X16: =ROUND(U16,3) -> 3832.163
A17: =K16 -> 2025Q2 | B17: =O16 -> 178.628 | C17: =P16 -> 213.553 | D17: =Q16 -> 248.479 | E17: =V16 -> 1660.68 | F17: =W16 -> 2746.422 | G17: =X16 -> 3832.163 | K17: 2025Q3 | L17: 198.17317 | M17: 163.12649 | N17: 233.21986 | O17: =ROUND(M17,3) -> 163.126 | P17: =ROUND(L17,3) -> 198.173 | Q17: =ROUND(N17,3) -> 233.22 | R17: =K17 -> 2025Q3 | S17: 2739.6477 | T17: 1616.2046 | U17: 3863.0907 | V17: =ROUND(T17,3) -> 1616.205 | W17: =ROUND(S17,3) -> 2739.648 | X17: =ROUND(U17,3) -> 3863.091
A18: =K17 -> 2025Q3 | B18: =O17 -> 163.126 | C18: =P17 -> 198.173 | D18: =Q17 -> 233.22 | E18: =V17 -> 1616.205 | F18: =W17 -> 2739.648 | G18: =X17 -> 3863.091 | K18: 2025Q4 | L18: 202.29545 | M18: 167.1546 | N18: 237.43629 | O18: =ROUND(M18,3) -> 167.155 | P18: =ROUND(L18,3) -> 202.295 | Q18: =ROUND(N18,3) -> 237.436 | R18: =K18 -> 2025Q4 | S18: 2778.9608 | T18: 1618.0674 | U18: 3939.8541 | V18: =ROUND(T18,3) -> 1618.067 | W18: =ROUND(S18,3) -> 2778.961 | X18: =ROUND(U18,3) -> 3939.854
A19: =K18 -> 2025Q4 | B19: =O18 -> 167.155 | C19: =P18 -> 202.295 | D19: =Q18 -> 237.436 | E19: =V18 -> 1618.067 | F19: =W18 -> 2778.961 | G19: =X18 -> 3939.854 | K19: 2026Q1 | L19: 188.22974 | M19: 153.0156 | N19: 223.44387 | O19: =ROUND(M19,3) -> 153.016 | P19: =ROUND(L19,3) -> 188.23 | Q19: =ROUND(N19,3) -> 223.444 | R19: =K19 -> 2026Q1 | S19: 2782.4586 | T19: 1586.0895 | U19: 3978.8278 | V19: =ROUND(T19,3) -> 1586.09 | W19: =ROUND(S19,3) -> 2782.459 | X19: =ROUND(U19,3) -> 3978.828
A20: =K19 -> 2026Q1 | B20: =O19 -> 153.016 | C20: =P19 -> 188.23 | D20: =Q19 -> 223.444 | E20: =V19 -> 1586.09 | F20: =W19 -> 2782.459 | G20: =X19 -> 3978.828 | K20: 2026Q2 | L20: 213.22253 | M20: 177.95132 | N20: 248.49373 | O20: =ROUND(M20,3) -> 177.951 | P20: =ROUND(L20,3) -> 213.223 | Q20: =ROUND(N20,3) -> 248.494 | R20: =K20 -> 2026Q2 | S20: 2835.4841 | T20: 1603.9976 | U20: 4066.9705 | V20: =ROUND(T20,3) -> 1603.998 | W20: =ROUND(S20,3) -> 2835.484 | X20: =ROUND(U20,3) -> 4066.971
A21: =K20 -> 2026Q2 | B21: =O20 -> 177.951 | C21: =P20 -> 213.223 | D21: =Q20 -> 248.494 | E21: =V20 -> 1603.998 | F21: =W20 -> 2835.484 | G21: =X20 -> 4066.971 | K21: 2026Q3 | L21: 198.07729 | M21: 162.76162 | N21: 233.39297 | O21: =ROUND(M21,3) -> 162.762 | P21: =ROUND(L21,3) -> 198.077 | Q21: =ROUND(N21,3) -> 233.393 | R21: =K21 -> 2026Q3 | S21: 2829.2974 | T21: 1564.2171 | U21: 4094.3777 | V21: =ROUND(T21,3) -> 1564.217 | W21: =ROUND(S21,3) -> 2829.297 | X21: =ROUND(U21,3) -> 4094.378
A22: =K21 -> 2026Q3 | B22: =O21 -> 162.762 | C22: =P21 -> 198.077 | D22: =Q21 -> 233.393 | E22: =V21 -> 1564.217 | F22: =W21 -> 2829.297 | G22: =X21 -> 4094.378 | K22: 2026Q4 | L22: 202.40704 | M22: 167.05671 | N22: 237.75737 | O22: =ROUND(M22,3) -> 167.057 | P22: =ROUND(L22,3) -> 202.407 | Q22: =ROUND(N22,3) -> 237.757 | R22: =K22 -> 2026Q4 | S22: 2868.111 | T22: 1569.851 | U22: 4166.371 | V22: =ROUND(T22,3) -> 1569.851 | W22: =ROUND(S22,3) -> 2868.111 | X22: =ROUND(U22,3) -> 4166.371
A23: =K22 -> 2026Q4 | B23: =O22 -> 167.057 | C23: =P22 -> 202.407 | D23: =Q22 -> 237.757 | E23: =V22 -> 1569.851 | F23: =W22 -> 2868.111 | G23: =X22 -> 4166.371 | K23: 2027Q1 | L23: 188.52459 | M23: 153.14725 | N23: 223.90194 | O23: =ROUND(M23,3) -> 153.147 | P23: =ROUND(L23,3) -> 188.525 | Q23: =ROUND(N23,3) -> 223.902 | R23: =K23 -> 2027Q1 | S23: 2872.0336 | T23: 1541.7988 | U23: 4202.2685 | V23: =ROUND(T23,3) -> 1541.799 | W23: =ROUND(S23,3) -> 2872.034 | X23: =ROUND(U23,3) -> 4202.268
... A34: =K33 -> 2029Q3 | B34: =O33 -> 165.516 | C34: =P33 -> 200.981 | D34: =Q33 -> 236.446 | E34: =V33 -> 1480.666 | F34: =W33 -> 3097.69 | G34: =X33 -> 4714.714 | K34: 2029Q4 | L34: 205.56075 | M34: 170.09392 | N34: 241.02759 | O34: =ROUND(M34,3) -> 170.094 | P34: =ROUND(L34,3) -> 205.561 | Q34: =ROUND(N34,3) -> 241.028 | R34: =K34 -> 2029Q4 | S34: 3136.0347 | T34: 1493.0648 | U34: 4779.0046 | V34: =ROUND(T34,3) -> 1493.065 | W34: =ROUND(S34,3) -> 3136.035 | X34: =ROUND(U34,3) -> 4779.005
A35: =K34 -> 2029Q4 | B35: =O34 -> 170.094 | C35: =P34 -> 205.561 | D35: =Q34 -> 241.028 | E35: =V34 -> 1493.065 | F35: =W34 -> 3136.035 | G35: =X34 -> 4779.005
A38: Mean | C38: =AVERAGE(C4:C35) -> 203.45475 | F38: =AVERAGE(F4:F35) -> 2784.0822
A41: BNDCCA (Minus 0.5 Standard Deviation) | K41: BNDCCA (Minus 1 Standard Deviation)
B42: ACSS +USBE | E42: LVTS | L42: ACSS +USBE | O42: LVTS
A43: Year | B43: Lower Bound | C43: Forecast Minus Half A Standard Deviation (billions) | D43: Upper Bound | E43: Lower Bound | F43: =C43 -> Forecast Minus Half A Standard Deviation (billions) | G43: Upper Bound | K43: Year | L43: Lower Bound | M43: Forecast Minus One Standard Deviation (billions) | N43: Upper Bound | O43: Lower Bound | P43: =M43 -> Forecast Minus One Standard Deviation (billions) | Q43: Upper Bound
A44: =A4 -> 2022Q1 | C44: =ROUND(C4-((D4-C4)*(0.5/2)),3) -> 199.537 | F44: =ROUND(F4-((G4-F4)*(0.5/2)),3) -> 2352.285 | K44: =A4 -> 2022Q1 | M44: =ROUND(C4-((D4-C4)*(1/2)),3) -> 195.298 | P44: =ROUND(F4-((G4-F4)*(1/2)),3) -> 2284.698
A45: =A5 -> 2022Q2 | C45: =ROUND(C5-((D5-C5)*(0.5/2)),3) -> 220.573 | F45: =ROUND(F5-((G5-F5)*(0.5/2)),3) -> 2379.819 | K45: =A5 -> 2022Q2 | M45: =ROUND(C5-((D5-C5)*(1/2)),3) -> 214.978 | P45: =ROUND(F5-((G5-F5)*(1/2)),3) -> 2277.364
A46: =A6 -> 2022Q3 | C46: =ROUND(C6-((D6-C6)*(0.5/2)),3) -> 202.269 | F46: =ROUND(F6-((G6-F6)*(0.5/2)),3) -> 2344.592 | K46: =A6 -> 2022Q3 | M46: =ROUND(C6-((D6-C6)*(1/2)),3) -> 195.811 | P46: =ROUND(F6-((G6-F6)*(1/2)),3) -> 2221.071
A47: =A7 -> 2022Q4 | C47: =ROUND(C7-((D7-C7)*(0.5/2)),3) -> 203.97 | F47: =ROUND(F7-((G7-F7)*(0.5/2)),3) -> 2368.782 | K47: =A7 -> 2022Q4 | M47: =ROUND(C7-((D7-C7)*(1/2)),3) -> 196.912 | P47: =ROUND(F7-((G7-F7)*(1/2)),3) -> 2223.856
A48: =A8 -> 2023Q1 | C48: =ROUND(C8-((D8-C8)*(0.5/2)),3) -> 187.861 | F48: =ROUND(F8-((G8-F8)*(0.5/2)),3) -> 2350.912 | K48: =A8 -> 2023Q1 | M48: =ROUND(C8-((D8-C8)*(1/2)),3) -> 180.367 | P48: =ROUND(F8-((G8-F8)*(1/2)),3) -> 2189.96
A49: =A9 -> 2023Q2 | C49: =ROUND(C9-((D9-C9)*(0.5/2)),3) -> 211.11 | F49: =ROUND(F9-((G9-F9)*(0.5/2)),3) -> 2391.889 | K49: =A9 -> 2023Q2 | M49: =ROUND(C9-((D9-C9)*(1/2)),3) -> 203.293 | P49: =ROUND(F9-((G9-F9)*(1/2)),3) -> 2214.347
A50: =A10 -> 2023Q3 | C50: =ROUND(C10-((D10-C10)*(0.5/2)),3) -> 194.469 | F50: =ROUND(F10-((G10-F10)*(0.5/2)),3) -> 2368.264 | K50: =A10 -> 2023Q3 | M50: =ROUND(C10-((D10-C10)*(1/2)),3) -> 186.409 | P50: =ROUND(F10-((G10-F10)*(1/2)),3) -> 2177.143
A51: =A11 -> 2023Q4 | C51: =ROUND(C11-((D11-C11)*(0.5/2)),3) -> 197.505 | F51: =ROUND(F11-((G11-F11)*(0.5/2)),3) -> 2396.421 | K51: =A11 -> 2023Q4 | M51: =ROUND(C11-((D11-C11)*(1/2)),3) -> 189.261 | P51: =ROUND(F11-((G11-F11)*(1/2)),3) -> 2191.363
A52: =A12 -> 2024Q1 | C52: =ROUND(C12-((D12-C12)*(0.5/2)),3) -> 182.503 | F52: =ROUND(F12-((G12-F12)*(0.5/2)),3) -> 2385.515 | K52: =A12 -> 2024Q1 | M52: =ROUND(C12-((D12-C12)*(1/2)),3) -> 174.118 | P52: =ROUND(F12-((G12-F12)*(1/2)),3) -> 2168.419
A53: =A13 -> 2024Q2 | C53: =ROUND(C13-((D13-C13)*(0.5/2)),3) -> 206.684 | F53: =ROUND(F13-((G13-F13)*(0.5/2)),3) -> 2428.334 | K53: =A13 -> 2024Q2 | M53: =ROUND(C13-((D13-C13)*(1/2)),3) -> 198.191 | P53: =ROUND(F13-((G13-F13)*(1/2)),3) -> 2199.018
A54: =A14 -> 2024Q3 | C54: =ROUND(C14-((D14-C14)*(0.5/2)),3) -> 190.835 | F54: =ROUND(F14-((G14-F14)*(0.5/2)),3) -> 2409.497 | K54: =A14 -> 2024Q3 | M54: =ROUND(C14-((D14-C14)*(1/2)),3) -> 182.257 | P54: =ROUND(F14-((G14-F14)*(1/2)),3) -> 2169.243
A55: =A15 -> 2024Q4 | C55: =ROUND(C15-((D15-C15)*(0.5/2)),3) -> 194.551 | F55: =ROUND(F15-((G15-F15)*(0.5/2)),3) -> 2438.766 | K55: =A15 -> 2024Q4 | M55: =ROUND(C15-((D15-C15)*(1/2)),3) -> 185.909 | P55: =ROUND(F15-((G15-F15)*(1/2)),3) -> 2187.512
... A75: =A35 -> 2029Q4 | C75: =ROUND(C35-((D35-C35)*(0.5/2)),3) -> 196.694 | F75: =ROUND(F35-((G35-F35)*(0.5/2)),3) -> 2725.293 | K75: =A35 -> 2029Q4 | M75: =ROUND(C35-((D35-C35)*(1/2)),3) -> 187.828 | P75: =ROUND(F35-((G35-F35)*(1/2)),3) -> 2314.55

Sheet BNPACA
A1: BNPACA | L1: ACSS | S1: LVTS
B2: ACSS +USBE | E2: LVTS | L2: Point Forecast | M2: Lo 95 | N2: Hi 95 | O2: Lo 95 | P2: Point Forecast | Q2: Hi 95 | S2: Point Forecast | T2: Lo 95 | U2: Hi 95 | V2: Lo 95 | W2: Point Forecast | X2: Hi 95
A3: Year | B3: Lower Bound | C3: Value Forecast (billions) | D3: Upper Bound | E3: Lower Bound | F3: Value Forecast (billions) | G3: Upper Bound | K3: 2022Q1 | O3: =ROUND(M3,3) -> 0 | P3: =ROUND(L3,3) -> 0 | Q3: =ROUND(N3,3) -> 0 | R3: =K3 -> 2022Q1 | S3: 337.56804 | T3: 247.76634 | U3: 427.36973 | V3: =ROUND(T3,3) -> 247.766 | W3: =ROUND(S3,3) -> 337.568 | X3: =ROUND(U3,3) -> 427.37
A4: =K3 -> 2022Q1 | B4: N/A | C4: N/A | D4: N/A | E4: =V3 -> 247.766 | F4: =W3 -> 337.568 | G4: =X3 -> 427.37 | K4: 2022Q2 | O4: =ROUND(M4,3) -> 0 | P4: =ROUND(L4,3) -> 0 | Q4: =ROUND(N4,3) -> 0 | R4: =K4 -> 2022Q2 | S4: 336.71922 | T4: 203.41751 | U4: 470.02093 | V4: =ROUND(T4,3) -> 203.418 | W4: =ROUND(S4,3) -> 336.719 | X4: =ROUND(U4,3) -> 470.021
A5: =K4 -> 2022Q2 | B5: N/A | C5: N/A | D5: N/A | E5: =V4 -> 203.418 | F5: =W4 -> 336.719 | G5: =X4 -> 470.021 | I5: =SUM(F5:F8) -> 1386.533 | K5: 2022Q3 | O5: =ROUND(M5,3) -> 0 | P5: =ROUND(L5,3) -> 0 | Q5: =ROUND(N5,3) -> 0 | R5: =K5 -> 2022Q3 | S5: 344.24245 | T5: 181.37069 | U5: 507.1142 | V5: =ROUND(T5,3) -> 181.371 | W5: =ROUND(S5,3) -> 344.242 | X5: =ROUND(U5,3) -> 507.114
A6: =K5 -> 2022Q3 | B6: N/A | C6: N/A | D6: N/A | E6: =V5 -> 181.371 | F6: =W5 -> 344.242 | G6: =X5 -> 507.114 | I6: =SUM(F9:F12) -> 1435.908 | K6: 2022Q4 | O6: =ROUND(M6,3) -> 0 | P6: =ROUND(L6,3) -> 0 | Q6: =ROUND(N6,3) -> 0 | R6: =K6 -> 2022Q4 | S6: 355.19763 | T6: 165.94882 | U6: 544.44644 | V6: =ROUND(T6,3) -> 165.949 | W6: =ROUND(S6,3) -> 355.198 | X6: =ROUND(U6,3) -> 544.446
A7: =K6 -> 2022Q4 | B7: N/A | C7: N/A | D7: N/A | E7: =V6 -> 165.949 | F7: =W6 -> 355.198 | G7: =X6 -> 544.446 | I7: =SUM(F13:F16) -> 1485.406 | K7: 2023Q1 | O7: =ROUND(M7,3) -> 0 | P7: =ROUND(L7,3) -> 0 | Q7: =ROUND(N7,3) -> 0 | R7: =K7 -> 2023Q1 | S7: 350.37355 | T7: 138.71076 | U7: 562.03635 | V7: =ROUND(T7,3) -> 138.711 | W7: =ROUND(S7,3) -> 350.374 | X7: =ROUND(U7,3) -> 562.036
A8: =K7 -> 2023Q1 | B8: N/A | C8: N/A | D8: N/A | E8: =V7 -> 138.711 | F8: =W7 -> 350.374 | G8: =X7 -> 562.036 | I8: =SUM(F17:F20) -> 1534.917 | K8: 2023Q2 | O8: =ROUND(M8,3) -> 0 | P8: =ROUND(L8,3) -> 0 | Q8: =ROUND(N8,3) -> 0 | R8: =K8 -> 2023Q2 | S8: 348.85566 | T8: 116.56836 | U8: 581.14296 | V8: =ROUND(T8,3) -> 116.568 | W8: =ROUND(S8,3) -> 348.856 | X8: =ROUND(U8,3) -> 581.143
A9: =K8 -> 2023Q2 | B9: N/A | C9: N/A | D9: N/A | E9: =V8 -> 116.568 | F9: =W8 -> 348.856 | G9: =X8 -> 581.143 | I9: =SUM(F21:F24) -> 1584.43 | K9: 2023Q3 | O9: =ROUND(M9,3) -> 0 | P9: =ROUND(L9,3) -> 0 | Q9: =ROUND(N9,3) -> 0 | R9: =K9 -> 2023Q3 | S9: 356.75753 | T9: 105.72544 | U9: 607.78963 | V9: =ROUND(T9,3) -> 105.725 | W9: =ROUND(S9,3) -> 356.758 | X9: =ROUND(U9,3) -> 607.79
A10: =K9 -> 2023Q3 | B10: N/A | C10: N/A | D10: N/A | E10: =V9 -> 105.725 | F10: =W9 -> 356.758 | G10: =X9 -> 607.79 | I10: =SUM(F25:F28) -> 1633.944 | K10: 2023Q4 | O10: =ROUND(M10,3) -> 0 | P10: =ROUND(L10,3) -> 0 | Q10: =ROUND(N10,3) -> 0 | R10: =K10 -> 2023Q4 | S10: 367.49843 | T10: 98.925536 | U10: 636.07133 | V10: =ROUND(T10,3) -> 98.926 | W10: =ROUND(S10,3) -> 367.498 | X10: =ROUND(U10,3) -> 636.071
A11: =K10 -> 2023Q4 | B11: N/A | C11: N/A | D11: N/A | E11: =V10 -> 98.926 | F11: =W10 -> 367.498 | G11: =X10 -> 636.071 | I11: =SUM(F29:F32) -> 1683.456 | K11: 2024Q1 | O11: =ROUND(M11,3) -> 0 | P11: =ROUND(L11,3) -> 0 | Q11: =ROUND(N11,3) -> 0 | R11: =K11 -> 2024Q1 | S11: 362.79563 | T11: 77.813544 | U11: 647.77771 | V11: =ROUND(T11,3) -> 77.814 | W11: =ROUND(S11,3) -> 362.796 | X11: =ROUND(U11,3) -> 647.778
A12: =K11 -> 2024Q1 | B12: N/A | C12: N/A | D12: N/A | E12: =V11 -> 77.814 | F12: =W11 -> 362.796 | G12: =X11 -> 647.778 | K12: 2024Q2 | O12: =ROUND(M12,3) -> 0 | P12: =ROUND(L12,3) -> 0 | Q12: =ROUND(N12,3) -> 0 | R12: =K12 -> 2024Q2 | S12: 361.2091 | T12: 60.683466 | U12: 661.73473 | V12: =ROUND(T12,3) -> 60.683 | W12: =ROUND(S12,3) -> 361.209 | X12: =ROUND(U12,3) -> 661.735
A13: =K12 -> 2024Q2 | B13: N/A | C13: N/A | D13: N/A | E13: =V12 -> 60.683 | F13: =W12 -> 361.209 | G13: =X12 -> 661.735 | K13: 2024Q3 | O13: =ROUND(M13,3) -> 0 | P13: =ROUND(L13,3) -> 0 | Q13: =ROUND(N13,3) -> 0 | R13: =K13 -> 2024Q3 | S13: 369.14981 | T13: 53.861645 | U13: 684.43798 | V13: =ROUND(T13,3) -> 53.862 | W13: =ROUND(S13,3) -> 369.15 | X13: =ROUND(U13,3) -> 684.438
A14: =K13 -> 2024Q3 | B14: N/A | C14: N/A | D14: N/A | E14: =V13 -> 53.862 | F14: =W13 -> 369.15 | G14: =X13 -> 684.438 | K14: 2024Q4 | O14: =ROUND(M14,3) -> 0 | P14: =ROUND(L14,3) -> 0 | Q14: =ROUND(N14,3) -> 0 | R14: =K14 -> 2024Q4 | S14: 379.86873 | T14: 50.47049 | U14: 709.26697 | V14: =ROUND(T14,3) -> 50.47 | W14: =ROUND(S14,3) -> 379.869 | X14: =ROUND(U14,3) -> 709.267
A15: =K14 -> 2024Q4 | B15: N/A | C15: N/A | D15: N/A | E15: =V14 -> 50.47 | F15: =W14 -> 379.869 | G15: =X14 -> 709.267 | K15: 2025Q1 | O15: =ROUND(M15,3) -> 0 | P15: =ROUND(L15,3) -> 0 | Q15: =ROUND(N15,3) -> 0 | R15: =K15 -> 2025Q1 | S15: 375.17837 | T15: 32.254751 | U15: 718.10198 | V15: =ROUND(T15,3) -> 32.255 | W15: =ROUND(S15,3) -> 375.178 | X15: =ROUND(U15,3) -> 718.102
A16: =K15 -> 2025Q1 | B16: N/A | C16: N/A | D16: N/A | E16: =V15 -> 32.255 | F16: =W15 -> 375.178 | G16: =X15 -> 718.102 | K16: 2025Q2 | O16: =ROUND(M16,3) -> 0 | P16: =ROUND(L16,3) -> 0 | Q16: =ROUND(N16,3) -> 0 | R16: =K16 -> 2025Q2 | S16: 373.5848 | T16: 17.646879 | U16: 729.52272 | V16: =ROUND(T16,3) -> 17.647 | W16: =ROUND(S16,3) -> 373.585 | X16: =ROUND(U16,3) -> 729.523
A17: =K16 -> 2025Q2 | B17: N/A | C17: N/A | D17: N/A | E17: =V16 -> 17.647 | F17: =W16 -> 373.585 | G17: =X16 -> 729.523 | K17: 2025Q3 | O17: =ROUND(M17,3) -> 0 | P17: =ROUND(L17,3) -> 0 | Q17: =ROUND(N17,3) -> 0 | R17: =K17 -> 2025Q3 | S17: 381.5295 | T17: 13.037999 | U17: 750.02099 | V17: =ROUND(T17,3) -> 13.038 | W17: =ROUND(S17,3) -> 381.529 | X17: =ROUND(U17,3) -> 750.021
A18: =K17 -> 2025Q3 | B18: N/A | C18: N/A | D18: N/A | E18: =V17 -> 13.038 | F18: =W17 -> 381.529 | G18: =X17 -> 750.021 | K18: 2025Q4 | O18: =ROUND(M18,3) -> 0 | P18: =ROUND(L18,3) -> 0 | Q18: =ROUND(N18,3) -> 0 | R18: =K18 -> 2025Q4 | S18: 392.24616 | T18: 11.614132 | U18: 772.87819 | V18: =ROUND(T18,3) -> 11.614 | W18: =ROUND(S18,3) -> 392.246 | X18: =ROUND(U18,3) -> 772.878
A19: =K18 -> 2025Q4 | B19: N/A | C19: N/A | D19: N/A | E19: =V18 -> 11.614 | F19: =W18 -> 392.246 | G19: =X18 -> 772.878 | K19: 2026Q1 | O19: =ROUND(M19,3) -> 0 | P19: =ROUND(L19,3) -> 0 | Q19: =ROUND(N19,3) -> 0 | R19: =K19 -> 2026Q1 | S19: 387.55707 | T19: -4.8396325 | U19: 779.95377 | V19: =ROUND(T19,3) -> -4.84 | W19: =ROUND(S19,3) -> 387.557 | X19: =ROUND(U19,3) -> 779.954
A20: =K19 -> 2026Q1 | B20: N/A | C20: N/A | D20: N/A | E20: =V19 -> -4.84 | F20: =W19 -> 387.557 | G20: =X19 -> 779.954 | K20: 2026Q2 | O20: =ROUND(M20,3) -> 0 | P20: =ROUND(L20,3) -> 0 | Q20: =ROUND(N20,3) -> 0 | R20: =K20 -> 2026Q2 | S20: 385.96278 | T20: -17.856223 | U20: 789.78178 | V20: =ROUND(T20,3) -> -17.856 | W20: =ROUND(S20,3) -> 385.963 | X20: =ROUND(U20,3) -> 789.782
A21: =K20 -> 2026Q2 | B21: N/A | C21: N/A | D21: N/A | E21: =V20 -> -17.856 | F21: =W20 -> 385.963 | G21: =X20 -> 789.782 | K21: 2026Q3 | O21: =ROUND(M21,3) -> 0 | P21: =ROUND(L21,3) -> 0 | Q21: =ROUND(N21,3) -> 0 | R21: =K21 -> 2026Q3 | S21: 393.90789 | T21: -21.018971 | U21: 808.83475 | V21: =ROUND(T21,3) -> -21.019 | W21: =ROUND(S21,3) -> 393.908 | X21: =ROUND(U21,3) -> 808.835
A22: =K21 -> 2026Q3 | B22: N/A | C22: N/A | D22: N/A | E22: =V21 -> -21.019 | F22: =W21 -> 393.908 | G22: =X21 -> 808.835 | K22: 2026Q4 | O22: =ROUND(M22,3) -> 0 | P22: =ROUND(L22,3) -> 0 | Q22: =ROUND(N22,3) -> 0 | R22: =K22 -> 2026Q4 | S22: 404.62432 | T22: -21.120755 | U22: 830.36939 | V22: =ROUND(T22,3) -> -21.121 | W22: =ROUND(S22,3) -> 404.624 | X22: =ROUND(U22,3) -> 830.369
A23: =K22 -> 2026Q4 | B23: N/A | C23: N/A | D23: N/A | E23: =V22 -> -21.121 | F23: =W22 -> 404.624 | G23: =X22 -> 830.369 | K23: 2027Q1 | O23: =ROUND(M23,3) -> 0 | P23: =ROUND(L23,3) -> 0 | Q23: =ROUND(N23,3) -> 0 | R23: =K23 -> 2027Q1 | S23: 399.93536 | T23: -36.359729 | U23: 836.23045 | V23: =ROUND(T23,3) -> -36.36 | W23: =ROUND(S23,3) -> 399.935 | X23: =ROUND(U23,3) -> 836.23
... A34: =K33 -> 2029Q3 | B34: N/A | C34: N/A | D34: N/A | E34: =V33 -> -99.334 | F34: =W33 -> 431.043 | G34: =X33 -> 961.419 | K34: 2029Q4 | O34: =ROUND(M34,3) -> 0 | P34: =ROUND(L34,3) -> 0 | Q34: =ROUND(N34,3) -> 0 | R34: =K34 -> 2029Q4 | S34: 441.75904 | T34: -97.122622 | U34: 980.6407 | V34: =ROUND(T34,3) -> -97.123 | W34: =ROUND(S34,3) -> 441.759 | X34: =ROUND(U34,3) -> 980.641
A35: =K34 -> 2029Q4 | B35: N/A | C35: N/A | D35: N/A | E35: =V34 -> -97.123 | F35: =W34 -> 441.759 | G35: =X34 -> 980.641
A38: Mean | C38: =AVERAGE(C4:C35) -> #DIV/0! | F38: =AVERAGE(F4:F35) -> 386.81441
A41: BNPACA (Minus 0.5 Standard Deviation) | K41: BNPACA (Minus 1 Standard Deviation)
B42: ACSS +USBE | E42: LVTS | L42: ACSS +USBE | O42: LVTS
A43: Year | B43: Lower Bound | C43: Forecast Minus Half A Standard Deviation (billions) | D43: Upper Bound | E43: Lower Bound | F43: =C43 -> Forecast Minus Half A Standard Deviation (billions) | G43: Upper Bound | K43: Year | L43: Lower Bound | M43: Forecast Minus One Standard Deviation (billions) | N43: Upper Bound | O43: Lower Bound | P43: =M43 -> Forecast Minus One Standard Deviation (billions) | Q43: Upper Bound
A44: =A4 -> 2022Q1 | C44: N/A | F44: =ROUND(F4-((G4-F4)*(0.5/2)),3) -> 315.118 | K44: =A4 -> 2022Q1 | M44: N/A | P44: =ROUND(F4-((G4-F4)*(1/2)),3) -> 292.667
A45: =A5 -> 2022Q2 | C45: N/A | F45: =ROUND(F5-((G5-F5)*(0.5/2)),3) -> 303.394 | K45: =A5 -> 2022Q2 | M45: N/A | P45: =ROUND(F5-((G5-F5)*(1/2)),3) -> 270.068
A46: =A6 -> 2022Q3 | C46: N/A | F46: =ROUND(F6-((G6-F6)*(0.5/2)),3) -> 303.524 | K46: =A6 -> 2022Q3 | M46: N/A | P46: =ROUND(F6-((G6-F6)*(1/2)),3) -> 262.806
A47: =A7 -> 2022Q4 | C47: N/A | F47: =ROUND(F7-((G7-F7)*(0.5/2)),3) -> 307.886 | K47: =A7 -> 2022Q4 | M47: N/A | P47: =ROUND(F7-((G7-F7)*(1/2)),3) -> 260.574
A48: =A8 -> 2023Q1 | C48: N/A | F48: =ROUND(F8-((G8-F8)*(0.5/2)),3) -> 297.459 | K48: =A8 -> 2023Q1 | M48: N/A | P48: =ROUND(F8-((G8-F8)*(1/2)),3) -> 244.543
A49: =A9 -> 2023Q2 | C49: N/A | F49: =ROUND(F9-((G9-F9)*(0.5/2)),3) -> 290.784 | K49: =A9 -> 2023Q2 | M49: N/A | P49: =ROUND(F9-((G9-F9)*(1/2)),3) -> 232.713
A50: =A10 -> 2023Q3 | C50: N/A | F50: =ROUND(F10-((G10-F10)*(0.5/2)),3) -> 294 | K50: =A10 -> 2023Q3 | M50: N/A | P50: =ROUND(F10-((G10-F10)*(1/2)),3) -> 231.242
A51: =A11 -> 2023Q4 | C51: N/A | F51: =ROUND(F11-((G11-F11)*(0.5/2)),3) -> 300.355 | K51: =A11 -> 2023Q4 | M51: N/A | P51: =ROUND(F11-((G11-F11)*(1/2)),3) -> 233.212
A52: =A12 -> 2024Q1 | C52: N/A | F52: =ROUND(F12-((G12-F12)*(0.5/2)),3) -> 291.551 | K52: =A12 -> 2024Q1 | M52: N/A | P52: =ROUND(F12-((G12-F12)*(1/2)),3) -> 220.305
A53: =A13 -> 2024Q2 | C53: N/A | F53: =ROUND(F13-((G13-F13)*(0.5/2)),3) -> 286.078 | K53: =A13 -> 2024Q2 | M53: N/A | P53: =ROUND(F13-((G13-F13)*(1/2)),3) -> 210.946
A54: =A14 -> 2024Q3 | C54: N/A | F54: =ROUND(F14-((G14-F14)*(0.5/2)),3) -> 290.328 | K54: =A14 -> 2024Q3 | M54: N/A | P54: =ROUND(F14-((G14-F14)*(1/2)),3) -> 211.506
A55: =A15 -> 2024Q4 | C55: N/A | F55: =ROUND(F15-((G15-F15)*(0.5/2)),3) -> 297.52 | K55: =A15 -> 2024Q4 | M55: N/A | P55: =ROUND(F15-((G15-F15)*(1/2)),3) -> 215.17
... A75: =A35 -> 2029Q4 | C75: N/A | F75: =ROUND(F35-((G35-F35)*(0.5/2)),3) -> 307.039 | K75: =A35 -> 2029Q4 | M75: N/A | P75: =ROUND(F35-((G35-F35)*(1/2)),3) -> 172.318

Sheet BOFACA
A1: BOFACA | L1: ACSS | S1: LVTS
B2: ACSS +USBE | E2: LVTS | L2: Point Forecast | M2: Lo 95 | N2: Hi 95 | O2: Lo 95 | P2: Point Forecast | Q2: Hi 95 | S2: Point Forecast | T2: Lo 95 | U2: Hi 95 | V2: Lo 95 | W2: Point Forecast | X2: Hi 95
A3: Year | B3: Lower Bound | C3: Value Forecast (billions) | D3: Upper Bound | E3: Lower Bound | F3: Value Forecast (billions) | G3: Upper Bound | K3: 2022Q1 | O3: =ROUND(M3,3) -> 0 | P3: =ROUND(L3,3) -> 0 | Q3: =ROUND(N3,3) -> 0 | R3: =K3 -> 2022Q1 | S3: 769.46757 | T3: 619.47745 | U3: 919.45769 | V3: =ROUND(T3,3) -> 619.477 | W3: =ROUND(S3,3) -> 769.468 | X3: =ROUND(U3,3) -> 919.458
A4: =K3 -> 2022Q1 | B4: N/A | C4: N/A | D4: N/A | E4: =V3 -> 619.477 | F4: =W3 -> 769.468 | G4: =X3 -> 919.458 | K4: 2022Q2 | O4: =ROUND(M4,3) -> 0 | P4: =ROUND(L4,3) -> 0 | Q4: =ROUND(N4,3) -> 0 | R4: =K4 -> 2022Q2 | S4: 763.184 | T4: 585.43104 | U4: 940.93696 | V4: =ROUND(T4,3) -> 585.431 | W4: =ROUND(S4,3) -> 763.184 | X4: =ROUND(U4,3) -> 940.937
A5: =K4 -> 2022Q2 | B5: N/A | C5: N/A | D5: N/A | E5: =V4 -> 585.431 | F5: =W4 -> 763.184 | G5: =X4 -> 940.937 | I5: =SUM(F5:F8) -> 3015.728 | K5: 2022Q3 | O5: =ROUND(M5,3) -> 0 | P5: =ROUND(L5,3) -> 0 | Q5: =ROUND(N5,3) -> 0 | R5: =K5 -> 2022Q3 | S5: 750.55143 | T5: 560.66974 | U5: 940.43312 | V5: =ROUND(T5,3) -> 560.67 | W5: =ROUND(S5,3) -> 750.551 | X5: =ROUND(U5,3) -> 940.433
A6: =K5 -> 2022Q3 | B6: N/A | C6: N/A | D6: N/A | E6: =V5 -> 560.67 | F6: =W5 -> 750.551 | G6: =X5 -> 940.433 | I6: =SUM(F9:F12) -> 3037.047 | K6: 2022Q4 | O6: =ROUND(M6,3) -> 0 | P6: =ROUND(L6,3) -> 0 | Q6: =ROUND(N6,3) -> 0 | R6: =K6 -> 2022Q4 | S6: 755.12266 | T6: 558.30741 | U6: 951.93791 | V6: =ROUND(T6,3) -> 558.307 | W6: =ROUND(S6,3) -> 755.123 | X6: =ROUND(U6,3) -> 951.938
A7: =K6 -> 2022Q4 | B7: N/A | C7: N/A | D7: N/A | E7: =V6 -> 558.307 | F7: =W6 -> 755.123 | G7: =X6 -> 951.938 | I7: =SUM(F13:F16) -> 3093.629 | K7: 2023Q1 | O7: =ROUND(M7,3) -> 0 | P7: =ROUND(L7,3) -> 0 | Q7: =ROUND(N7,3) -> 0 | R7: =K7 -> 2023Q1 | S7: 746.87014 | T7: 545.21355 | U7: 948.52672 | V7: =ROUND(T7,3) -> 545.214 | W7: =ROUND(S7,3) -> 746.87 | X7: =ROUND(U7,3) -> 948.527
A8: =K7 -> 2023Q1 | B8: N/A | C8: N/A | D8: N/A | E8: =V7 -> 545.214 | F8: =W7 -> 746.87 | G8: =X7 -> 948.527 | I8: =SUM(F17:F20) -> 3152.867 | K8: 2023Q2 | O8: =ROUND(M8,3) -> 0 | P8: =ROUND(L8,3) -> 0 | Q8: =ROUND(N8,3) -> 0 | R8: =K8 -> 2023Q2 | S8: 758.41631 | T8: 552.86894 | U8: 963.96368 | V8: =ROUND(T8,3) -> 552.869 | W8: =ROUND(S8,3) -> 758.416 | X8: =ROUND(U8,3) -> 963.964
A9: =K8 -> 2023Q2 | B9: N/A | C9: N/A | D9: N/A | E9: =V8 -> 552.869 | F9: =W8 -> 758.416 | G9: =X8 -> 963.964 | I9: =SUM(F21:F24) -> 3212.308 | K9: 2023Q3 | O9: =ROUND(M9,3) -> 0 | P9: =ROUND(L9,3) -> 0 | Q9: =ROUND(N9,3) -> 0 | R9: =K9 -> 2023Q3 | S9: 755.12745 | T9: 546.16113 | U9: 964.09377 | V9: =ROUND(T9,3) -> 546.161 | W9: =ROUND(S9,3) -> 755.127 | X9: =ROUND(U9,3) -> 964.094
A10: =K9 -> 2023Q3 | B10: N/A | C10: N/A | D10: N/A | E10: =V9 -> 546.161 | F10: =W9 -> 755.127 | G10: =X9 -> 964.094 | I10: =SUM(F25:F28) -> 3271.763 | K10: 2023Q4 | O10: =ROUND(M10,3) -> 0 | P10: =ROUND(L10,3) -> 0 | Q10: =ROUND(N10,3) -> 0 | R10: =K10 -> 2023Q4 | S10: 764.59527 | T10: 552.46265 | U10: 976.72789 | V10: =ROUND(T10,3) -> 552.463 | W10: =ROUND(S10,3) -> 764.595 | X10: =ROUND(U10,3) -> 976.728
A11: =K10 -> 2023Q4 | B11: N/A | C11: N/A | D11: N/A | E11: =V10 -> 552.463 | F11: =W10 -> 764.595 | G11: =X10 -> 976.728 | I11: =SUM(F29:F32) -> 3331.219 | K11: 2024Q1 | O11: =ROUND(M11,3) -> 0 | P11: =ROUND(L11,3) -> 0 | Q11: =ROUND(N11,3) -> 0 | R11: =K11 -> 2024Q1 | S11: 758.90882 | T11: 543.75621 | U11: 974.06142 | V11: =ROUND(T11,3) -> 543.756 | W11: =ROUND(S11,3) -> 758.909 | X11: =ROUND(U11,3) -> 974.061
A12: =K11 -> 2024Q1 | B12: N/A | C12: N/A | D12: N/A | E12: =V11 -> 543.756 | F12: =W11 -> 758.909 | G12: =X11 -> 974.061 | K12: 2024Q2 | O12: =ROUND(M12,3) -> 0 | P12: =ROUND(L12,3) -> 0 | Q12: =ROUND(N12,3) -> 0 | R12: =K12 -> 2024Q2 | S12: 771.79975 | T12: 553.7199 | U12: 989.87959 | V12: =ROUND(T12,3) -> 553.72 | W12: =ROUND(S12,3) -> 771.8 | X12: =ROUND(U12,3) -> 989.88
A13: =K12 -> 2024Q2 | B13: N/A | C13: N/A | D13: N/A | E13: =V12 -> 553.72 | F13: =W12 -> 771.8 | G13: =X12 -> 989.88 | K13: 2024Q3 | O13: =ROUND(M13,3) -> 0 | P13: =ROUND(L13,3) -> 0 | Q13: =ROUND(N13,3) -> 0 | R13: =K13 -> 2024Q3 | S13: 769.21561 | T13: 548.27347 | U13: 990.15775 | V13: =ROUND(T13,3) -> 548.273 | W13: =ROUND(S13,3) -> 769.216 | X13: =ROUND(U13,3) -> 990.158
A14: =K13 -> 2024Q3 | B14: N/A | C14: N/A | D14: N/A | E14: =V13 -> 548.273 | F14: =W13 -> 769.216 | G14: =X13 -> 990.158 | K14: 2024Q4 | O14: =ROUND(M14,3) -> 0 | P14: =ROUND(L14,3) -> 0 | Q14: =ROUND(N14,3) -> 0 | R14: =K14 -> 2024Q4 | S14: 779.05274 | T14: 555.29842 | U14: 1002.8071 | V14: =ROUND(T14,3) -> 555.298 | W14: =ROUND(S14,3) -> 779.053 | X14: =ROUND(U14,3) -> 1002.807
A15: =K14 -> 2024Q4 | B15: N/A | C15: N/A | D15: N/A | E15: =V14 -> 555.298 | F15: =W14 -> 779.053 | G15: =X14 -> 1002.807 | K15: 2025Q1 | O15: =ROUND(M15,3) -> 0 | P15: =ROUND(L15,3) -> 0 | Q15: =ROUND(N15,3) -> 0 | R15: =K15 -> 2025Q1 | S15: 773.55983 | T15: 547.0352 | U15: 1000.0845 | V15: =ROUND(T15,3) -> 547.035 | W15: =ROUND(S15,3) -> 773.56 | X15: =ROUND(U15,3) -> 1000.084
A16: =K15 -> 2025Q1 | B16: N/A | C16: N/A | D16: N/A | E16: =V15 -> 547.035 | F16: =W15 -> 773.56 | G16: =X15 -> 1000.084 | K16: 2025Q2 | O16: =ROUND(M16,3) -> 0 | P16: =ROUND(L16,3) -> 0 | Q16: =ROUND(N16,3) -> 0 | R16: =K16 -> 2025Q2 | S16: 786.55218 | T16: 557.29432 | U16: 1015.81 | V16: =ROUND(T16,3) -> 557.294 | W16: =ROUND(S16,3) -> 786.552 | X16: =ROUND(U16,3) -> 1015.81
A17: =K16 -> 2025Q2 | B17: N/A | C17: N/A | D17: N/A | E17: =V16 -> 557.294 | F17: =W16 -> 786.552 | G17: =X16 -> 1015.81 | K17: 2025Q3 | O17: =ROUND(M17,3) -> 0 | P17: =ROUND(L17,3) -> 0 | Q17: =ROUND(N17,3) -> 0 | R17: =K17 -> 2025Q3 | S17: 784.0212 | T17: 552.06418 | U17: 1015.9782 | V17: =ROUND(T17,3) -> 552.064 | W17: =ROUND(S17,3) -> 784.021 | X17: =ROUND(U17,3) -> 1015.978
A18: =K17 -> 2025Q3 | B18: N/A | C18: N/A | D18: N/A | E18: =V17 -> 552.064 | F18: =W17 -> 784.021 | G18: =X17 -> 1015.978 | K18: 2025Q4 | O18: =ROUND(M18,3) -> 0 | P18: =ROUND(L18,3) -> 0 | Q18: =ROUND(N18,3) -> 0 | R18: =K18 -> 2025Q4 | S18: 793.88619 | T18: 559.26204 | U18: 1028.5103 | V18: =ROUND(T18,3) -> 559.262 | W18: =ROUND(S18,3) -> 793.886 | X18: =ROUND(U18,3) -> 1028.51
A19: =K18 -> 2025Q4 | B19: N/A | C19: N/A | D19: N/A | E19: =V18 -> 559.262 | F19: =W18 -> 793.886 | G19: =X18 -> 1028.51 | K19: 2026Q1 | O19: =ROUND(M19,3) -> 0 | P19: =ROUND(L19,3) -> 0 | Q19: =ROUND(N19,3) -> 0 | R19: =K19 -> 2026Q1 | S19: 788.40787 | T19: 551.14707 | U19: 1025.6687 | V19: =ROUND(T19,3) -> 551.147 | W19: =ROUND(S19,3) -> 788.408 | X19: =ROUND(U19,3) -> 1025.669
A20: =K19 -> 2026Q1 | B20: N/A | C20: N/A | D20: N/A | E20: =V19 -> 551.147 | F20: =W19 -> 788.408 | G20: =X19 -> 1025.669 | K20: 2026Q2 | O20: =ROUND(M20,3) -> 0 | P20: =ROUND(L20,3) -> 0 | Q20: =ROUND(N20,3) -> 0 | R20: =K20 -> 2026Q2 | S20: 801.40787 | T20: 561.53965 | U20: 1041.2761 | V20: =ROUND(T20,3) -> 561.54 | W20: =ROUND(S20,3) -> 801.408 | X20: =ROUND(U20,3) -> 1041.276
A21: =K20 -> 2026Q2 | B21: N/A | C21: N/A | D21: N/A | E21: =V20 -> 561.54 | F21: =W20 -> 801.408 | G21: =X20 -> 1041.276 | K21: 2026Q3 | O21: =ROUND(M21,3) -> 0 | P21: =ROUND(L21,3) -> 0 | Q21: =ROUND(N21,3) -> 0 | R21: =K21 -> 2026Q3 | S21: 798.88089 | T21: 556.43343 | U21: 1041.3283 | V21: =ROUND(T21,3) -> 556.433 | W21: =ROUND(S21,3) -> 798.881 | X21: =ROUND(U21,3) -> 1041.328
A22: =K21 -> 2026Q3 | B22: N/A | C22: N/A | D22: N/A | E22: =V21 -> 556.433 | F22: =W21 -> 798.881 | G22: =X21 -> 1041.328 | K22: 2026Q4 | O22: =ROUND(M22,3) -> 0 | P22: =ROUND(L22,3) -> 0 | Q22: =ROUND(N22,3) -> 0 | R22: =K22 -> 2026Q4 | S22: 808.74798 | T22: 563.74851 | U22: 1053.7475 | V22: =ROUND(T22,3) -> 563.749 | W22: =ROUND(S22,3) -> 808.748 | X22: =ROUND(U22,3) -> 1053.747
A23: =K22 -> 2026Q4 | B23: N/A | C23: N/A | D23: N/A | E23: =V22 -> 563.749 | F23: =W22 -> 808.748 | G23: =X22 -> 1053.747 | K23: 2027Q1 | O23: =ROUND(M23,3) -> 0 | P23: =ROUND(L23,3) -> 0 | Q23: =ROUND(N23,3) -> 0 | R23: =K23 -> 2027Q1 | S23: 803.27077 | T23: 555.74562 | U23: 1050.7959 | V23: =ROUND(T23,3) -> 555.746 | W23: =ROUND(S23,3) -> 803.271 | X23: =ROUND(U23,3) -> 1050.796
... A34: =K33 -> 2029Q3 | B34: N/A | C34: N/A | D34: N/A | E34: =V33 -> 571.981 | F34: =W33 -> 843.473 | G34: =X33 -> 1114.965 | K34: 2029Q4 | O34: =ROUND(M34,3) -> 0 | P34: =ROUND(L34,3) -> 0 | Q34: =ROUND(N34,3) -> 0 | R34: =K34 -> 2029Q4 | S34: 853.34013 | T34: 579.56647 | U34: 1127.1138 | V34: =ROUND(T34,3) -> 579.566 | W34: =ROUND(S34,3) -> 853.34 | X34: =ROUND(U34,3) -> 1127.114
A35: =K34 -> 2029Q4 | B35: N/A | C35: N/A | D35: N/A | E35: =V34 -> 579.566 | F35: =W34 -> 853.34 | G35: =X34 -> 1127.114
A38: Mean | C38: =AVERAGE(C4:C35) -> #DIV/0! | F38: =AVERAGE(F4:F35) -> 794.58881
A41: BOFACA (Minus 0.5 Standard Deviation) | K41: BOFACA (Minus 1 Standard Deviation)
B42: ACSS +USBE | E42: LVTS | L42: ACSS +USBE | O42: LVTS
A43: Year | B43: Lower Bound | C43: Forecast Minus Half A Standard Deviation (billions) | D43: Upper Bound | E43: Lower Bound | F43: =C43 -> Forecast Minus Half A Standard Deviation (billions) | G43: Upper Bound | K43: Year | L43: Lower Bound | M43: Forecast Minus One Standard Deviation (billions) | N43: Upper Bound | O43: Lower Bound | P43: =M43 -> Forecast Minus One Standard Deviation (billions) | Q43: Upper Bound
A44: =A4 -> 2022Q1 | C44: N/A | F44: =ROUND(F4-((G4-F4)*(0.5/2)),3) -> 731.971 | K44: =A4 -> 2022Q1 | M44: N/A | P44: =ROUND(F4-((G4-F4)*(1/2)),3) -> 694.473
A45: =A5 -> 2022Q2 | C45: N/A | F45: =ROUND(F5-((G5-F5)*(0.5/2)),3) -> 718.746 | K45: =A5 -> 2022Q2 | M45: N/A | P45: =ROUND(F5-((G5-F5)*(1/2)),3) -> 674.308
A46: =A6 -> 2022Q3 | C46: N/A | F46: =ROUND(F6-((G6-F6)*(0.5/2)),3) -> 703.081 | K46: =A6 -> 2022Q3 | M46: N/A | P46: =ROUND(F6-((G6-F6)*(1/2)),3) -> 655.61
A47: =A7 -> 2022Q4 | C47: N/A | F47: =ROUND(F7-((G7-F7)*(0.5/2)),3) -> 705.919 | K47: =A7 -> 2022Q4 | M47: N/A | P47: =ROUND(F7-((G7-F7)*(1/2)),3) -> 656.716
A48: =A8 -> 2023Q1 | C48: N/A | F48: =ROUND(F8-((G8-F8)*(0.5/2)),3) -> 696.456 | K48: =A8 -> 2023Q1 | M48: N/A | P48: =ROUND(F8-((G8-F8)*(1/2)),3) -> 646.042
A49: =A9 -> 2023Q2 | C49: N/A | F49: =ROUND(F9-((G9-F9)*(0.5/2)),3) -> 707.029 | K49: =A9 -> 2023Q2 | M49: N/A | P49: =ROUND(F9-((G9-F9)*(1/2)),3) -> 655.642
A50: =A10 -> 2023Q3 | C50: N/A | F50: =ROUND(F10-((G10-F10)*(0.5/2)),3) -> 702.885 | K50: =A10 -> 2023Q3 | M50: N/A | P50: =ROUND(F10-((G10-F10)*(1/2)),3) -> 650.644
A51: =A11 -> 2023Q4 | C51: N/A | F51: =ROUND(F11-((G11-F11)*(0.5/2)),3) -> 711.562 | K51: =A11 -> 2023Q4 | M51: N/A | P51: =ROUND(F11-((G11-F11)*(1/2)),3) -> 658.529
A52: =A12 -> 2024Q1 | C52: N/A | F52: =ROUND(F12-((G12-F12)*(0.5/2)),3) -> 705.121 | K52: =A12 -> 2024Q1 | M52: N/A | P52: =ROUND(F12-((G12-F12)*(1/2)),3) -> 651.333
A53: =A13 -> 2024Q2 | C53: N/A | F53: =ROUND(F13-((G13-F13)*(0.5/2)),3) -> 717.28 | K53: =A13 -> 2024Q2 | M53: N/A | P53: =ROUND(F13-((G13-F13)*(1/2)),3) -> 662.76
A54: =A14 -> 2024Q3 | C54: N/A | F54: =ROUND(F14-((G14-F14)*(0.5/2)),3) -> 713.981 | K54: =A14 -> 2024Q3 | M54: N/A | P54: =ROUND(F14-((G14-F14)*(1/2)),3) -> 658.745
A55: =A15 -> 2024Q4 | C55: N/A | F55: =ROUND(F15-((G15-F15)*(0.5/2)),3) -> 723.115 | K55: =A15 -> 2024Q4 | M55: N/A | P55: =ROUND(F15-((G15-F15)*(1/2)),3) -> 667.176
... A75: =A35 -> 2029Q4 | C75: N/A | F75: =ROUND(F35-((G35-F35)*(0.5/2)),3) -> 784.897 | K75: =A35 -> 2029Q4 | M75: N/A | P75: =ROUND(F35-((G35-F35)*(1/2)),3) -> 716.453

Sheet BOFMCA
A1: BOFMCA | L1: ACSS | S1: LVTS
B2: ACSS +USBE | E2: LVTS | L2: Point Forecast | M2: Lo 95 | N2: Hi 95 | O2: Lo 95 | P2: Point Forecast | Q2: Hi 95 | S2: Point Forecast | T2: Lo 95 | U2: Hi 95 | V2: Lo 95 | W2: Point Forecast | X2: Hi 95
A3: Year | B3: Lower Bound | C3: Value Forecast (billions) | D3: Upper Bound | E3: Lower Bound | F3: Value Forecast (billions) | G3: Upper Bound | K3: 2022Q1 | L3: 593.72386 | M3: 555.5532 | N3: 631.89453 | O3: =ROUND(M3,3) -> 555.553 | P3: =ROUND(L3,3) -> 593.724 | Q3: =ROUND(N3,3) -> 631.895 | R3: =K3 -> 2022Q1 | S3: 4289.1492 | T3: 3891.7767 | U3: 4686.5217 | V3: =ROUND(T3,3) -> 3891.777 | W3: =ROUND(S3,3) -> 4289.149 | X3: =ROUND(U3,3) -> 4686.522
A4: =K3 -> 2022Q1 | B4: =O3 -> 555.553 | C4: =P3 -> 593.724 | D4: =Q3 -> 631.895 | E4: =V3 -> 3891.777 | F4: =W3 -> 4289.149 | G4: =X3 -> 4686.522 | K4: 2022Q2 | L4: 624.59131 | M4: 568.1281 | N4: 681.05453 | O4: =ROUND(M4,3) -> 568.128 | P4: =ROUND(L4,3) -> 624.591 | Q4: =ROUND(N4,3) -> 681.055 | R4: =K4 -> 2022Q2 | S4: 4327.0459 | T4: 3692.8908 | U4: 4961.2011 | V4: =ROUND(T4,3) -> 3692.891 | W4: =ROUND(S4,3) -> 4327.046 | X4: =ROUND(U4,3) -> 4961.201
A5: =K4 -> 2022Q2 | B5: =O4 -> 568.128 | C5: =P4 -> 624.591 | D5: =Q4 -> 681.055 | E5: =V4 -> 3692.891 | F5: =W4 -> 4327.046 | G5: =X4 -> 4961.201 | I5: =SUM(F5:F8) -> 17459.784 | K5: 2022Q3 | L5: 621.76383 | M5: 552.27411 | N5: 691.25355 | O5: =ROUND(M5,3) -> 552.274 | P5: =ROUND(L5,3) -> 621.764 | Q5: =ROUND(N5,3) -> 691.254 | R5: =K5 -> 2022Q3 | S5: 4366.0282 | T5: 3596.3496 | U5: 5135.7067 | V5: =ROUND(T5,3) -> 3596.35 | W5: =ROUND(S5,3) -> 4366.028 | X5: =ROUND(U5,3) -> 5135.707
A6: =K5 -> 2022Q3 | B6: =O5 -> 552.274 | C6: =P5 -> 621.764 | D6: =Q5 -> 691.254 | E6: =V5 -> 3596.35 | F6: =W5 -> 4366.028 | G6: =X5 -> 5135.707 | I6: =SUM(F9:F12) -> 17990.409 | K6: 2022Q4 | L6: 623.8242 | M6: 543.92492 | N6: 703.72348 | O6: =ROUND(M6,3) -> 543.925 | P6: =ROUND(L6,3) -> 623.824 | Q6: =ROUND(N6,3) -> 703.723 | R6: =K6 -> 2022Q4 | S6: 4382.2268 | T6: 3479.8928 | U6: 5284.5609 | V6: =ROUND(T6,3) -> 3479.893 | W6: =ROUND(S6,3) -> 4382.227 | X6: =ROUND(U6,3) -> 5284.561
A7: =K6 -> 2022Q4 | B7: =O6 -> 543.925 | C7: =P6 -> 623.824 | D7: =Q6 -> 703.723 | E7: =V6 -> 3479.893 | F7: =W6 -> 4382.227 | G7: =X6 -> 5284.561 | I7: =SUM(F13:F16) -> 18511.226 | K7: 2023Q1 | L7: 588.91003 | M7: 500.26585 | N7: 677.55421 | O7: =ROUND(M7,3) -> 500.266 | P7: =ROUND(L7,3) -> 588.91 | Q7: =ROUND(N7,3) -> 677.554 | R7: =K7 -> 2023Q1 | S7: 4384.4831 | T7: 3376.1126 | U7: 5392.8537 | V7: =ROUND(T7,3) -> 3376.113 | W7: =ROUND(S7,3) -> 4384.483 | X7: =ROUND(U7,3) -> 5392.854
A8: =K7 -> 2023Q1 | B8: =O7 -> 500.266 | C8: =P7 -> 588.91 | D8: =Q7 -> 677.554 | E8: =V7 -> 3376.113 | F8: =W7 -> 4384.483 | G8: =X7 -> 5392.854 | I8: =SUM(F17:F20) -> 19030.775 | K8: 2023Q2 | L8: 619.99271 | M8: 523.79114 | N8: 716.19428 | O8: =ROUND(M8,3) -> 523.791 | P8: =ROUND(L8,3) -> 619.993 | Q8: =ROUND(N8,3) -> 716.194 | R8: =K8 -> 2023Q2 | S8: 4477.5658 | T8: 3368.1445 | U8: 5586.9872 | V8: =ROUND(T8,3) -> 3368.144 | W8: =ROUND(S8,3) -> 4477.566 | X8: =ROUND(U8,3) -> 5586.987
A9: =K8 -> 2023Q2 | B9: =O8 -> 523.791 | C9: =P8 -> 619.993 | D9: =Q8 -> 716.194 | E9: =V8 -> 3368.144 | F9: =W8 -> 4477.566 | G9: =X8 -> 5586.987 | I9: =SUM(F21:F24) -> 19550.163 | K9: 2023Q3 | L9: 617.37476 | M9: 514.52162 | N9: 720.2279 | O9: =ROUND(M9,3) -> 514.522 | P9: =ROUND(L9,3) -> 617.375 | Q9: =ROUND(N9,3) -> 720.228 | R9: =K9 -> 2023Q3 | S9: 4483.4763 | T9: 3284.3304 | U9: 5682.6223 | V9: =ROUND(T9,3) -> 3284.33 | W9: =ROUND(S9,3) -> 4483.476 | X9: =ROUND(U9,3) -> 5682.622
A10: =K9 -> 2023Q3 | B10: =O9 -> 514.522 | C10: =P9 -> 617.375 | D10: =Q9 -> 720.228 | E10: =V9 -> 3284.33 | F10: =W9 -> 4483.476 | G10: =X9 -> 5682.622 | I10: =SUM(F25:F28) -> 20069.528 | K10: 2023Q4 | L10: 619.63912 | M10: 510.85641 | N10: 728.42183 | O10: =ROUND(M10,3) -> 510.856 | P10: =ROUND(L10,3) -> 619.639 | Q10: =ROUND(N10,3) -> 728.422 | R10: =K10 -> 2023Q4 | S10: 4519.4941 | T10: 3235.2864 | U10: 5803.7019 | V10: =ROUND(T10,3) -> 3235.286 | W10: =ROUND(S10,3) -> 4519.494 | X10: =ROUND(U10,3) -> 5803.702
A11: =K10 -> 2023Q4 | B11: =O10 -> 510.856 | C11: =P10 -> 619.639 | D11: =Q10 -> 728.422 | E11: =V10 -> 3235.286 | F11: =W10 -> 4519.494 | G11: =X10 -> 5803.702 | I11: =SUM(F29:F32) -> 20588.891 | K11: 2024Q1 | L11: 584.92355 | M11: 470.80486 | N11: 699.04224 | O11: =ROUND(M11,3) -> 470.805 | P11: =ROUND(L11,3) -> 584.924 | Q11: =ROUND(N11,3) -> 699.042 | R11: =K11 -> 2024Q1 | S11: 4509.8733 | T11: 3146.8017 | U11: 5872.9449 | V11: =ROUND(T11,3) -> 3146.802 | W11: =ROUND(S11,3) -> 4509.873 | X11: =ROUND(U11,3) -> 5872.945
A12: =K11 -> 2024Q1 | B12: =O11 -> 470.805 | C12: =P11 -> 584.924 | D12: =Q11 -> 699.042 | E12: =V11 -> 3146.802 | F12: =W11 -> 4509.873 | G12: =X11 -> 5872.945 | K12: 2024Q2 | L12: 616.19957 | M12: 497.24418 | N12: 735.15495 | O12: =ROUND(M12,3) -> 497.244 | P12: =ROUND(L12,3) -> 616.2 | Q12: =ROUND(N12,3) -> 735.155 | R12: =K12 -> 2024Q2 | S12: 4610.0737 | T12: 3171.9452 | U12: 6048.2022 | V12: =ROUND(T12,3) -> 3171.945 | W12: =ROUND(S12,3) -> 4610.074 | X12: =ROUND(U12,3) -> 6048.202
A13: =K12 -> 2024Q2 | B13: =O12 -> 497.244 | C13: =P12 -> 616.2 | D13: =Q12 -> 735.155 | E13: =V12 -> 3171.945 | F13: =W12 -> 4610.074 | G13: =X12 -> 6048.202 | K13: 2024Q3 | L13: 613.76985 | M13: 490.40518 | N13: 737.13451 | O13: =ROUND(M13,3) -> 490.405 | P13: =ROUND(L13,3) -> 613.77 | Q13: =ROUND(N13,3) -> 737.135 | R13: =K13 -> 2024Q3 | S13: 4611.7187 | T13: 3102.5538 | U13: 6120.8836 | V13: =ROUND(T13,3) -> 3102.554 | W13: =ROUND(S13,3) -> 4611.719 | X13: =ROUND(U13,3) -> 6120.884
A14: =K13 -> 2024Q3 | B14: =O13 -> 490.405 | C14: =P13 -> 613.77 | D14: =Q13 -> 737.135 | E14: =V13 -> 3102.554 | F14: =W13 -> 4611.719 | G14: =X13 -> 6120.884 | K14: 2024Q4 | L14: 616.21746 | M14: 488.81447 | N14: 743.62044 | O14: =ROUND(M14,3) -> 488.814 | P14: =ROUND(L14,3) -> 616.217 | Q14: =ROUND(N14,3) -> 743.62 | R14: =K14 -> 2024Q4 | S14: 4650.2927 | T14: 3073.1201 | U14: 6227.4653 | V14: =ROUND(T14,3) -> 3073.12 | W14: =ROUND(S14,3) -> 4650.293 | X14: =ROUND(U14,3) -> 6227.465
A15: =K14 -> 2024Q4 | B15: =O14 -> 488.814 | C15: =P14 -> 616.217 | D15: =Q14 -> 743.62 | E15: =V14 -> 3073.12 | F15: =W14 -> 4650.293 | G15: =X14 -> 6227.465 | K15: 2025Q1 | L15: 581.68028 | M15: 450.56454 | N15: 712.79602 | O15: =ROUND(M15,3) -> 450.565 | P15: =ROUND(L15,3) -> 581.68 | Q15: =ROUND(N15,3) -> 712.796 | R15: =K15 -> 2025Q1 | S15: 4639.14 | T15: 2996.87 | U15: 6281.41 | V15: =ROUND(T15,3) -> 2996.87 | W15: =ROUND(S15,3) -> 4639.14 | X15: =ROUND(U15,3) -> 6281.41
A16: =K15 -> 2025Q1 | B16: =O15 -> 450.565 | C16: =P15 -> 581.68 | D16: =Q15 -> 712.796 | E16: =V15 -> 2996.87 | F16: =W15 -> 4639.14 | G16: =X15 -> 6281.41 | K16: 2025Q2 | L16: 613.12999 | M16: 478.58985 | N16: 747.67012 | O16: =ROUND(M16,3) -> 478.59 | P16: =ROUND(L16,3) -> 613.13 | Q16: =ROUND(N16,3) -> 747.67 | R16: =K16 -> 2025Q2 | S16: 4740.2584 | T16: 3035.3191 | U16: 6445.1978 | V16: =ROUND(T16,3) -> 3035.319 | W16: =ROUND(S16,3) -> 4740.258 | X16: =ROUND(U16,3) -> 6445.198
A17: =K16 -> 2025Q2 | B17: =O16 -> 478.59 | C17: =P16 -> 613.13 | D17: =Q16 -> 747.67 | E17: =V16 -> 3035.319 | F17: =W16 -> 4740.258 | G17: =X16 -> 6445.198 | K17: 2025Q3 | L17: 610.86936 | M17: 473.16218 | N17: 748.57654 | O17: =ROUND(M17,3) -> 473.162 | P17: =ROUND(L17,3) -> 610.869 | Q17: =ROUND(N17,3) -> 748.577 | R17: =K17 -> 2025Q3 | S17: 4741.3533 | T17: 2976.0001 | U17: 6506.7064 | V17: =ROUND(T17,3) -> 2976 | W17: =ROUND(S17,3) -> 4741.353 | X17: =ROUND(U17,3) -> 6506.706
A18: =K17 -> 2025Q3 | B18: =O17 -> 473.162 | C18: =P17 -> 610.869 | D18: =Q17 -> 748.577 | E18: =V17 -> 2976 | F18: =W17 -> 4741.353 | G18: =X17 -> 6506.706 | K18: 2025Q4 | L18: 613.48158 | M18: 472.8385 | N18: 754.12467 | O18: =ROUND(M18,3) -> 472.838 | P18: =ROUND(L18,3) -> 613.482 | Q18: =ROUND(N18,3) -> 754.125 | R18: =K18 -> 2025Q4 | S18: 4780.257 | T18: 2956.4715 | U18: 6604.0425 | V18: =ROUND(T18,3) -> 2956.472 | W18: =ROUND(S18,3) -> 4780.257 | X18: =ROUND(U18,3) -> 6604.042
A19: =K18 -> 2025Q4 | B19: =O18 -> 472.838 | C19: =P18 -> 613.482 | D19: =Q18 -> 754.125 | E19: =V18 -> 2956.472 | F19: =W18 -> 4780.257 | G19: =X18 -> 6604.042 | K19: 2026Q1 | L19: 579.10467 | M19: 435.73443 | N19: 722.47491 | O19: =ROUND(M19,3) -> 435.734 | P19: =ROUND(L19,3) -> 579.105 | Q19: =ROUND(N19,3) -> 722.475 | R19: =K19 -> 2026Q1 | S19: 4768.9067 | T19: 2888.5146 | U19: 6649.2988 | V19: =ROUND(T19,3) -> 2888.515 | W19: =ROUND(S19,3) -> 4768.907 | X19: =ROUND(U19,3) -> 6649.299
A20: =K19 -> 2026Q1 | B20: =O19 -> 435.734 | C20: =P19 -> 579.105 | D20: =Q19 -> 722.475 | E20: =V19 -> 2888.515 | F20: =W19 -> 4768.907 | G20: =X19 -> 6649.299 | K20: 2026Q2 | L20: 610.7104 | M20: 464.80241 | N20: 756.61838 | O20: =ROUND(M20,3) -> 464.802 | P20: =ROUND(L20,3) -> 610.71 | Q20: =ROUND(N20,3) -> 756.618 | R20: =K20 -> 2026Q2 | S20: 4870.1435 | T20: 2934.7935 | U20: 6805.4936 | V20: =ROUND(T20,3) -> 2934.793 | W20: =ROUND(S20,3) -> 4870.144 | X20: =ROUND(U20,3) -> 6805.494
A21: =K20 -> 2026Q2 | B21: =O20 -> 464.802 | C21: =P20 -> 610.71 | D21: =Q20 -> 756.618 | E21: =V20 -> 2934.793 | F21: =W20 -> 4870.144 | G21: =X20 -> 6805.494 | K21: 2026Q3 | L21: 608.60166 | M21: 460.3285 | N21: 756.87483 | O21: =ROUND(M21,3) -> 460.329 | P21: =ROUND(L21,3) -> 608.602 | Q21: =ROUND(N21,3) -> 756.875 | R21: =K21 -> 2026Q3 | S21: 4871.1674 | T21: 2882.3812 | U21: 6859.9536 | V21: =ROUND(T21,3) -> 2882.381 | W21: =ROUND(S21,3) -> 4871.167 | X21: =ROUND(U21,3) -> 6859.954
A22: =K21 -> 2026Q3 | B22: =O21 -> 460.329 | C22: =P21 -> 608.602 | D22: =Q21 -> 756.875 | E22: =V21 -> 2882.381 | F22: =W21 -> 4871.167 | G22: =X21 -> 6859.954 | K22: 2026Q4 | L22: 611.36177 | M22: 460.88121 | N22: 761.84233 | O22: =ROUND(M22,3) -> 460.881 | P22: =ROUND(L22,3) -> 611.362 | Q22: =ROUND(N22,3) -> 761.842 | R22: =K22 -> 2026Q4 | S22: 4910.1137 | T22: 2869.2879 | U22: 6950.9395 | V22: =ROUND(T22,3) -> 2869.288 | W22: =ROUND(S22,3) -> 4910.114 | X22: =ROUND(U22,3) -> 6950.939
A23: =K22 -> 2026Q4 | B23: =O22 -> 460.881 | C23: =P22 -> 611.362 | D23: =Q22 -> 761.842 | E23: =V22 -> 2869.288 | F23: =W22 -> 4910.114 | G23: =X22 -> 6950.939 | K23: 2027Q1 | L23: 577.12882 | M23: 424.58558 | N23: 729.67207 | O23: =ROUND(M23,3) -> 424.586 | P23: =ROUND(L23,3) -> 577.129 | Q23: =ROUND(N23,3) -> 729.672 | R23: =K23 -> 2027Q1 | S23: 4898.7379 | T23: 2807.1681 | U23: 6990.3077 | V23: =ROUND(T23,3) -> 2807.168 | W23: =ROUND(S23,3) -> 4898.738 | X23: =ROUND(U23,3) -> 6990.308
... A34: =K33 -> 2029Q3 | B34: =O33 -> 437.715 | C34: =P33 -> 604.984 | D34: =Q33 -> 772.253 | E34: =V33 -> 2716.746 | F34: =W33 -> 5260.686 | G34: =X33 -> 7804.625 | K34: 2029Q4 | L34: 608.10346 | M34: 439.80148 | N34: 776.40543 | O34: =ROUND(M34,3) -> 439.801 | P34: =ROUND(L34,3) -> 608.103 | Q34: =ROUND(N34,3) -> 776.405 | R34: =K34 -> 2029Q4 | S34: 5299.6382 | T34: 2714.8126 | U34: 7884.4638 | V34: =ROUND(T34,3) -> 2714.813 | W34: =ROUND(S34,3) -> 5299.638 | X34: =ROUND(U34,3) -> 7884.464
A35: =K34 -> 2029Q4 | B35: =O34 -> 439.801 | C35: =P34 -> 608.103 | D35: =Q34 -> 776.405 | E35: =V34 -> 2714.813 | F35: =W34 -> 5299.638 | G35: =X34 -> 7884.464
A38: Mean | C38: =AVERAGE(C4:C35) -> 605.15056 | F38: =AVERAGE(F4:F35) -> 4790.935
A41: BOFMCA (Minus 0.5 Standard Deviation) | K41: BOFMCA (Minus 1 Standard Deviation)
B42: ACSS +USBE | E42: LVTS | L42: ACSS +USBE | O42: LVTS
A43: Year | B43: Lower Bound | C43: Forecast Minus Half A Standard Deviation (billions) | D43: Upper Bound | E43: Lower Bound | F43: =C43 -> Forecast Minus Half A Standard Deviation (billions) | G43: Upper Bound | K43: Year | L43: Lower Bound | M43: Forecast Minus One Standard Deviation (billions) | N43: Upper Bound | O43: Lower Bound | P43: =M43 -> Forecast Minus One Standard Deviation (billions) | Q43: Upper Bound
A44: =A4 -> 2022Q1 | C44: =ROUND(C4-((D4-C4)*(0.5/2)),3) -> 584.181 | F44: =ROUND(F4-((G4-F4)*(0.5/2)),3) -> 4189.806 | K44: =A4 -> 2022Q1 | M44: =ROUND(C4-((D4-C4)*(1/2)),3) -> 574.639 | P44: =ROUND(F4-((G4-F4)*(1/2)),3) -> 4090.463
A45: =A5 -> 2022Q2 | C45: =ROUND(C5-((D5-C5)*(0.5/2)),3) -> 610.475 | F45: =ROUND(F5-((G5-F5)*(0.5/2)),3) -> 4168.507 | K45: =A5 -> 2022Q2 | M45: =ROUND(C5-((D5-C5)*(1/2)),3) -> 596.359 | P45: =ROUND(F5-((G5-F5)*(1/2)),3) -> 4009.969
A46: =A6 -> 2022Q3 | C46: =ROUND(C6-((D6-C6)*(0.5/2)),3) -> 604.392 | F46: =ROUND(F6-((G6-F6)*(0.5/2)),3) -> 4173.608 | K46: =A6 -> 2022Q3 | M46: =ROUND(C6-((D6-C6)*(1/2)),3) -> 587.019 | P46: =ROUND(F6-((G6-F6)*(1/2)),3) -> 3981.189
A47: =A7 -> 2022Q4 | C47: =ROUND(C7-((D7-C7)*(0.5/2)),3) -> 603.849 | F47: =ROUND(F7-((G7-F7)*(0.5/2)),3) -> 4156.644 | K47: =A7 -> 2022Q4 | M47: =ROUND(C7-((D7-C7)*(1/2)),3) -> 583.875 | P47: =ROUND(F7-((G7-F7)*(1/2)),3) -> 3931.06
A48: =A8 -> 2023Q1 | C48: =ROUND(C8-((D8-C8)*(0.5/2)),3) -> 566.749 | F48: =ROUND(F8-((G8-F8)*(0.5/2)),3) -> 4132.39 | K48: =A8 -> 2023Q1 | M48: =ROUND(C8-((D8-C8)*(1/2)),3) -> 544.588 | P48: =ROUND(F8-((G8-F8)*(1/2)),3) -> 3880.298
A49: =A9 -> 2023Q2 | C49: =ROUND(C9-((D9-C9)*(0.5/2)),3) -> 595.943 | F49: =ROUND(F9-((G9-F9)*(0.5/2)),3) -> 4200.211 | K49: =A9 -> 2023Q2 | M49: =ROUND(C9-((D9-C9)*(1/2)),3) -> 571.893 | P49: =ROUND(F9-((G9-F9)*(1/2)),3) -> 3922.856
A50: =A10 -> 2023Q3 | C50: =ROUND(C10-((D10-C10)*(0.5/2)),3) -> 591.662 | F50: =ROUND(F10-((G10-F10)*(0.5/2)),3) -> 4183.69 | K50: =A10 -> 2023Q3 | M50: =ROUND(C10-((D10-C10)*(1/2)),3) -> 565.949 | P50: =ROUND(F10-((G10-F10)*(1/2)),3) -> 3883.903
A51: =A11 -> 2023Q4 | C51: =ROUND(C11-((D11-C11)*(0.5/2)),3) -> 592.443 | F51: =ROUND(F11-((G11-F11)*(0.5/2)),3) -> 4198.442 | K51: =A11 -> 2023Q4 | M51: =ROUND(C11-((D11-C11)*(1/2)),3) -> 565.248 | P51: =ROUND(F11-((G11-F11)*(1/2)),3) -> 3877.39
A52: =A12 -> 2024Q1 | C52: =ROUND(C12-((D12-C12)*(0.5/2)),3) -> 556.395 | F52: =ROUND(F12-((G12-F12)*(0.5/2)),3) -> 4169.105 | K52: =A12 -> 2024Q1 | M52: =ROUND(C12-((D12-C12)*(1/2)),3) -> 527.865 | P52: =ROUND(F12-((G12-F12)*(1/2)),3) -> 3828.337
A53: =A13 -> 2024Q2 | C53: =ROUND(C13-((D13-C13)*(0.5/2)),3) -> 586.461 | F53: =ROUND(F13-((G13-F13)*(0.5/2)),3) -> 4250.542 | K53: =A13 -> 2024Q2 | M53: =ROUND(C13-((D13-C13)*(1/2)),3) -> 556.723 | P53: =ROUND(F13-((G13-F13)*(1/2)),3) -> 3891.01
A54: =A14 -> 2024Q3 | C54: =ROUND(C14-((D14-C14)*(0.5/2)),3) -> 582.929 | F54: =ROUND(F14-((G14-F14)*(0.5/2)),3) -> 4234.428 | K54: =A14 -> 2024Q3 | M54: =ROUND(C14-((D14-C14)*(1/2)),3) -> 552.088 | P54: =ROUND(F14-((G14-F14)*(1/2)),3) -> 3857.137
A55: =A15 -> 2024Q4 | C55: =ROUND(C15-((D15-C15)*(0.5/2)),3) -> 584.366 | F55: =ROUND(F15-((G15-F15)*(0.5/2)),3) -> 4256 | K55: =A15 -> 2024Q4 | M55: =ROUND(C15-((D15-C15)*(1/2)),3) -> 552.516 | P55: =ROUND(F15-((G15-F15)*(1/2)),3) -> 3861.707
... A75: =A35 -> 2029Q4 | C75: =ROUND(C35-((D35-C35)*(0.5/2)),3) -> 566.028 | F75: =ROUND(F35-((G35-F35)*(0.5/2)),3) -> 4653.432 | K75: =A35 -> 2029Q4 | M75: =ROUND(C35-((D35-C35)*(1/2)),3) -> 523.952 | P75: =ROUND(F35-((G35-F35)*(1/2)),3) -> 4007.225

Sheet CUCXCA
A1: CUCXCA | L1: ACSS | S1: LVTS
B2: ACSS +USBE | E2: LVTS | L2: Point Forecast | M2: Lo 95 | N2: Hi 95 | O2: Lo 95 | P2: Point Forecast | Q2: Hi 95 | S2: Point Forecast | T2: Lo 95 | U2: Hi 95 | V2: Lo 95 | W2: Point Forecast | X2: Hi 95
A3: Year | B3: Lower Bound | C3: Value Forecast (billions) | D3: Upper Bound | E3: Lower Bound | F3: Value Forecast (billions) | G3: Upper Bound | K3: 2022Q1 | L3: 224.61624 | M3: 212.48608 | N3: 236.7464 | O3: =ROUND(M3,3) -> 212.486 | P3: =ROUND(L3,3) -> 224.616 | Q3: =ROUND(N3,3) -> 236.746 | R3: =K3 -> 2022Q1 | S3: 189.51483 | T3: 171.27654 | U3: 207.75312 | V3: =ROUND(T3,3) -> 171.277 | W3: =ROUND(S3,3) -> 189.515 | X3: =ROUND(U3,3) -> 207.753
A4: =K3 -> 2022Q1 | B4: =O3 -> 212.486 | C4: =P3 -> 224.616 | D4: =Q3 -> 236.746 | E4: =V3 -> 171.277 | F4: =W3 -> 189.515 | G4: =X3 -> 207.753 | K4: 2022Q2 | L4: 240.99969 | M4: 226.76823 | N4: 255.23115 | O4: =ROUND(M4,3) -> 226.768 | P4: =ROUND(L4,3) -> 241 | Q4: =ROUND(N4,3) -> 255.231 | R4: =K4 -> 2022Q2 | S4: 194.16072 | T4: 170.40019 | U4: 217.92126 | V4: =ROUND(T4,3) -> 170.4 | W4: =ROUND(S4,3) -> 194.161 | X4: =ROUND(U4,3) -> 217.921
A5: =K4 -> 2022Q2 | B5: =O4 -> 226.768 | C5: =P4 -> 241 | D5: =Q4 -> 255.231 | E5: =V4 -> 170.4 | F5: =W4 -> 194.161 | G5: =X4 -> 217.921 | I5: =SUM(F5:F8) -> 783.928 | K5: 2022Q3 | L5: 241.25663 | M5: 225.76324 | N5: 256.75002 | O5: =ROUND(M5,3) -> 225.763 | P5: =ROUND(L5,3) -> 241.257 | Q5: =ROUND(N5,3) -> 256.75 | R5: =K5 -> 2022Q3 | S5: 194.90942 | T5: 166.77081 | U5: 223.04803 | V5: =ROUND(T5,3) -> 166.771 | W5: =ROUND(S5,3) -> 194.909 | X5: =ROUND(U5,3) -> 223.048
A6: =K5 -> 2022Q3 | B6: =O5 -> 225.763 | C6: =P5 -> 241.257 | D6: =Q5 -> 256.75 | E6: =V5 -> 166.771 | F6: =W5 -> 194.909 | G6: =X5 -> 223.048 | I6: =SUM(F9:F12) -> 816.49 | K6: 2022Q4 | L6: 239.71792 | M6: 223.42541 | N6: 256.01043 | O6: =ROUND(M6,3) -> 223.425 | P6: =ROUND(L6,3) -> 239.718 | Q6: =ROUND(N6,3) -> 256.01 | R6: =K6 -> 2022Q4 | S6: 197.23089 | T6: 165.3129 | U6: 229.14887 | V6: =ROUND(T6,3) -> 165.313 | W6: =ROUND(S6,3) -> 197.231 | X6: =ROUND(U6,3) -> 229.149
A7: =K6 -> 2022Q4 | B7: =O6 -> 223.425 | C7: =P6 -> 239.718 | D7: =Q6 -> 256.01 | E7: =V6 -> 165.313 | F7: =W6 -> 197.231 | G7: =X6 -> 229.149 | I7: =SUM(F13:F16) -> 849.054 | K7: 2023Q1 | L7: 223.93903 | M7: 207.12694 | N7: 240.75112 | O7: =ROUND(M7,3) -> 207.127 | P7: =ROUND(L7,3) -> 223.939 | Q7: =ROUND(N7,3) -> 240.751 | R7: =K7 -> 2023Q1 | S7: 197.62669 | T7: 162.33191 | U7: 232.92147 | V7: =ROUND(T7,3) -> 162.332 | W7: =ROUND(S7,3) -> 197.627 | X7: =ROUND(U7,3) -> 232.921
A8: =K7 -> 2023Q1 | B8: =O7 -> 207.127 | C8: =P7 -> 223.939 | D8: =Q7 -> 240.751 | E8: =V7 -> 162.332 | F8: =W7 -> 197.627 | G8: =X7 -> 232.921 | I8: =SUM(F17:F20) -> 881.618 | K8: 2023Q2 | L8: 241.75527 | M8: 224.60028 | N8: 258.91026 | O8: =ROUND(M8,3) -> 224.6 | P8: =ROUND(L8,3) -> 241.755 | Q8: =ROUND(N8,3) -> 258.91 | R8: =K8 -> 2023Q2 | S8: 202.30025 | T8: 163.92468 | U8: 240.67582 | V8: =ROUND(T8,3) -> 163.925 | W8: =ROUND(S8,3) -> 202.3 | X8: =ROUND(U8,3) -> 240.676
A9: =K8 -> 2023Q2 | B9: =O8 -> 224.6 | C9: =P8 -> 241.755 | D9: =Q8 -> 258.91 | E9: =V8 -> 163.925 | F9: =W8 -> 202.3 | G9: =X8 -> 240.676 | I9: =SUM(F21:F24) -> 914.182 | K9: 2023Q3 | L9: 243.19125 | M9: 225.80789 | N9: 260.5746 | O9: =ROUND(M9,3) -> 225.808 | P9: =ROUND(L9,3) -> 243.191 | Q9: =ROUND(N9,3) -> 260.575 | R9: =K9 -> 2023Q3 | S9: 203.05038 | T9: 161.8236 | U9: 244.27716 | V9: =ROUND(T9,3) -> 161.824 | W9: =ROUND(S9,3) -> 203.05 | X9: =ROUND(U9,3) -> 244.277
A10: =K9 -> 2023Q3 | B10: =O9 -> 225.808 | C10: =P9 -> 243.191 | D10: =Q9 -> 260.575 | E10: =V9 -> 161.824 | F10: =W9 -> 203.05 | G10: =X9 -> 244.277 | I10: =SUM(F25:F28) -> 946.747 | K10: 2023Q4 | L10: 242.62277 | M10: 225.08647 | N10: 260.15907 | O10: =ROUND(M10,3) -> 225.086 | P10: =ROUND(L10,3) -> 242.623 | Q10: =ROUND(N10,3) -> 260.159 | R10: =K10 -> 2023Q4 | S10: 205.37192 | T10: 161.47874 | U10: 249.26509 | V10: =ROUND(T10,3) -> 161.479 | W10: =ROUND(S10,3) -> 205.372 | X10: =ROUND(U10,3) -> 249.265
A11: =K10 -> 2023Q4 | B11: =O10 -> 225.086 | C11: =P10 -> 242.623 | D11: =Q10 -> 260.159 | E11: =V10 -> 161.479 | F11: =W10 -> 205.372 | G11: =X10 -> 249.265 | I11: =SUM(F29:F32) -> 979.311 | K11: 2024Q1 | L11: 227.64228 | M11: 210.00315 | N11: 245.2814 | O11: =ROUND(M11,3) -> 210.003 | P11: =ROUND(L11,3) -> 227.642 | Q11: =ROUND(N11,3) -> 245.281 | R11: =K11 -> 2024Q1 | S11: 205.76772 | T11: 159.36111 | U11: 252.17434 | V11: =ROUND(T11,3) -> 159.361 | W11: =ROUND(S11,3) -> 205.768 | X11: =ROUND(U11,3) -> 252.174
A12: =K11 -> 2024Q1 | B12: =O11 -> 210.003 | C12: =P11 -> 227.642 | D12: =Q11 -> 245.281 | E12: =V11 -> 159.361 | F12: =W11 -> 205.768 | G12: =X11 -> 252.174 | K12: 2024Q2 | L12: 246.11552 | M12: 228.40711 | N12: 263.82393 | O12: =ROUND(M12,3) -> 228.407 | P12: =ROUND(L12,3) -> 246.116 | Q12: =ROUND(N12,3) -> 263.824 | R12: =K12 -> 2024Q2 | S12: 210.44128 | T12: 161.65054 | U12: 259.23203 | V12: =ROUND(T12,3) -> 161.651 | W12: =ROUND(S12,3) -> 210.441 | X12: =ROUND(U12,3) -> 259.232
A13: =K12 -> 2024Q2 | B13: =O12 -> 228.407 | C13: =P12 -> 246.116 | D13: =Q12 -> 263.824 | E13: =V12 -> 161.651 | F13: =W12 -> 210.441 | G13: =X12 -> 259.232 | K13: 2024Q3 | L13: 248.09214 | M13: 230.33697 | N13: 265.84732 | O13: =ROUND(M13,3) -> 230.337 | P13: =ROUND(L13,3) -> 248.092 | Q13: =ROUND(N13,3) -> 265.847 | R13: =K13 -> 2024Q3 | S13: 211.19141 | T13: 160.12773 | U13: 262.2551 | V13: =ROUND(T13,3) -> 160.128 | W13: =ROUND(S13,3) -> 211.191 | X13: =ROUND(U13,3) -> 262.255
A14: =K13 -> 2024Q3 | B14: =O13 -> 230.337 | C14: =P13 -> 248.092 | D14: =Q13 -> 265.847 | E14: =V13 -> 160.128 | F14: =W13 -> 211.191 | G14: =X13 -> 262.255 | K14: 2024Q4 | L14: 247.96856 | M14: 230.1818 | N14: 265.75533 | O14: =ROUND(M14,3) -> 230.182 | P14: =ROUND(L14,3) -> 247.969 | Q14: =ROUND(N14,3) -> 265.755 | R14: =K14 -> 2024Q4 | S14: 213.51295 | T14: 160.27328 | U14: 266.75262 | V14: =ROUND(T14,3) -> 160.273 | W14: =ROUND(S14,3) -> 213.513 | X14: =ROUND(U14,3) -> 266.753
A15: =K14 -> 2024Q4 | B15: =O14 -> 230.182 | C15: =P14 -> 247.969 | D15: =Q14 -> 265.755 | E15: =V14 -> 160.273 | F15: =W14 -> 213.513 | G15: =X14 -> 266.753 | K15: 2025Q1 | L15: 233.35418 | M15: 215.54604 | N15: 251.16231 | O15: =ROUND(M15,3) -> 215.546 | P15: =ROUND(L15,3) -> 233.354 | Q15: =ROUND(N15,3) -> 251.162 | R15: =K15 -> 2025Q1 | S15: 213.90876 | T15: 158.57861 | U15: 269.23891 | V15: =ROUND(T15,3) -> 158.579 | W15: =ROUND(S15,3) -> 213.909 | X15: =ROUND(U15,3) -> 269.239
A16: =K15 -> 2025Q1 | B16: =O15 -> 215.546 | C16: =P15 -> 233.354 | D16: =Q15 -> 251.162 | E16: =V15 -> 158.579 | F16: =W15 -> 213.909 | G16: =X15 -> 269.239 | K16: 2025Q2 | L16: 252.12869 | M16: 234.3061 | N16: 269.95128 | O16: =ROUND(M16,3) -> 234.306 | P16: =ROUND(L16,3) -> 252.129 | Q16: =ROUND(N16,3) -> 269.951 | R16: =K16 -> 2025Q2 | S16: 218.58232 | T16: 161.23784 | U16: 275.92679 | V16: =ROUND(T16,3) -> 161.238 | W16: =ROUND(S16,3) -> 218.582 | X16: =ROUND(U16,3) -> 275.927
A17: =K16 -> 2025Q2 | B17: =O16 -> 234.306 | C17: =P16 -> 252.129 | D17: =Q16 -> 269.951 | E17: =V16 -> 161.238 | F17: =W16 -> 218.582 | G17: =X16 -> 275.927 | K17: 2025Q3 | L17: 254.35323 | M17: 236.52086 | N17: 272.18559 | O17: =ROUND(M17,3) -> 236.521 | P17: =ROUND(L17,3) -> 254.353 | Q17: =ROUND(N17,3) -> 272.186 | R17: =K17 -> 2025Q3 | S17: 219.33245 | T17: 160.04204 | U17: 278.62285 | V17: =ROUND(T17,3) -> 160.042 | W17: =ROUND(S17,3) -> 219.332 | X17: =ROUND(U17,3) -> 278.623
A18: =K17 -> 2025Q3 | B18: =O17 -> 236.521 | C18: =P17 -> 254.353 | D18: =Q17 -> 272.186 | E18: =V17 -> 160.042 | F18: =W17 -> 219.332 | G18: =X17 -> 278.623 | K18: 2025Q4 | L18: 254.43365 | M18: 236.59467 | N18: 272.27264 | O18: =ROUND(M18,3) -> 236.595 | P18: =ROUND(L18,3) -> 254.434 | Q18: =ROUND(N18,3) -> 272.273 | R18: =K18 -> 2025Q4 | S18: 221.65399 | T18: 160.47952 | U18: 282.82845 | V18: =ROUND(T18,3) -> 160.48 | W18: =ROUND(S18,3) -> 221.654 | X18: =ROUND(U18,3) -> 282.828
A19: =K18 -> 2025Q4 | B19: =O18 -> 236.595 | C19: =P18 -> 254.434 | D19: =Q18 -> 272.273 | E19: =V18 -> 160.48 | F19: =W18 -> 221.654 | G19: =X18 -> 282.828 | K19: 2026Q1 | L19: 239.98714 | M19: 222.14368 | N19: 257.83061 | O19: =ROUND(M19,3) -> 222.144 | P19: =ROUND(L19,3) -> 239.987 | Q19: =ROUND(N19,3) -> 257.831 | R19: =K19 -> 2026Q1 | S19: 222.04979 | T19: 159.04759 | U19: 285.052 | V19: =ROUND(T19,3) -> 159.048 | W19: =ROUND(S19,3) -> 222.05 | X19: =ROUND(U19,3) -> 285.052
A20: =K19 -> 2026Q1 | B20: =O19 -> 222.144 | C20: =P19 -> 239.987 | D20: =Q19 -> 257.831 | E20: =V19 -> 159.048 | F20: =W19 -> 222.05 | G20: =X19 -> 285.052 | K20: 2026Q2 | L20: 258.8998 | M20: 241.0533 | N20: 276.7463 | O20: =ROUND(M20,3) -> 241.053 | P20: =ROUND(L20,3) -> 258.9 | Q20: =ROUND(N20,3) -> 276.746 | R20: =K20 -> 2026Q2 | S20: 226.72335 | T20: 161.94495 | U20: 291.50175 | V20: =ROUND(T20,3) -> 161.945 | W20: =ROUND(S20,3) -> 226.723 | X20: =ROUND(U20,3) -> 291.502
A21: =K20 -> 2026Q2 | B21: =O20 -> 241.053 | C21: =P20 -> 258.9 | D21: =Q20 -> 276.746 | E21: =V20 -> 161.945 | F21: =W20 -> 226.723 | G21: =X20 -> 291.502 | K21: 2026Q3 | L21: 261.23802 | M21: 243.38946 | N21: 279.08657 | O21: =ROUND(M21,3) -> 243.389 | P21: =ROUND(L21,3) -> 261.238 | Q21: =ROUND(N21,3) -> 279.087 | R21: =K21 -> 2026Q3 | S21: 227.47348 | T21: 160.96631 | U21: 293.98066 | V21: =ROUND(T21,3) -> 160.966 | W21: =ROUND(S21,3) -> 227.473 | X21: =ROUND(U21,3) -> 293.981
A22: =K21 -> 2026Q3 | B22: =O21 -> 243.389 | C22: =P21 -> 261.238 | D22: =Q21 -> 279.087 | E22: =V21 -> 160.966 | F22: =W21 -> 227.473 | G22: =X21 -> 293.981 | K22: 2026Q4 | L22: 261.41199 | M22: 243.56205 | N22: 279.26194 | O22: =ROUND(M22,3) -> 243.562 | P22: =ROUND(L22,3) -> 261.412 | Q22: =ROUND(N22,3) -> 279.262 | R22: =K22 -> 2026Q4 | S22: 229.79502 | T22: 161.60288 | U22: 297.98716 | V22: =ROUND(T22,3) -> 161.603 | W22: =ROUND(S22,3) -> 229.795 | X22: =ROUND(U22,3) -> 297.987
A23: =K22 -> 2026Q4 | B23: =O22 -> 243.562 | C23: =P22 -> 261.412 | D23: =Q22 -> 279.262 | E23: =V22 -> 161.603 | F23: =W22 -> 229.795 | G23: =X22 -> 297.987 | K23: 2027Q1 | L23: 247.04246 | M23: 229.19157 | N23: 264.89335 | O23: =ROUND(M23,3) -> 229.192 | P23: =ROUND(L23,3) -> 247.042 | Q23: =ROUND(N23,3) -> 264.893 | R23: =K23 -> 2027Q1 | S23: 230.19083 | T23: 160.35437 | U23: 300.02728 | V23: =ROUND(T23,3) -> 160.354 | W23: =ROUND(S23,3) -> 230.191 | X23: =ROUND(U23,3) -> 300.027
... A34: =K33 -> 2029Q3 | B34: =O33 -> 265.22 | C34: =P33 -> 283.073 | D34: =Q33 -> 300.926 | E34: =V33 -> 167.358 | F34: =W33 -> 251.897 | G34: =X33 -> 336.435 | K34: 2029Q4 | L34: 283.31839 | M34: 265.46555 | N34: 301.17122 | O34: =ROUND(M34,3) -> 265.466 | P34: =ROUND(L34,3) -> 283.318 | Q34: =ROUND(N34,3) -> 301.171 | R34: =K34 -> 2029Q4 | S34: 254.21812 | T34: 168.34773 | U34: 340.08851 | V34: =ROUND(T34,3) -> 168.348 | W34: =ROUND(S34,3) -> 254.218 | X34: =ROUND(U34,3) -> 340.089
A35: =K34 -> 2029Q4 | B35: =O34 -> 265.466 | C35: =P34 -> 283.318 | D35: =Q34 -> 301.171 | E35: =V34 -> 168.348 | F35: =W34 -> 254.218 | G35: =X34 -> 340.089
A38: Mean | C38: =AVERAGE(C4:C35) -> 253.80419 | F38: =AVERAGE(F4:F35) -> 222.44081
A41: CUCXCA (Minus 0.5 Standard Deviation) | K41: CUCXCA (Minus 1 Standard Deviation)
B42: ACSS +USBE | E42: LVTS | L42: ACSS +USBE | O42: LVTS
A43: Year | B43: Lower Bound | C43: Forecast Minus Half A Standard Deviation (billions) | D43: Upper Bound | E43: Lower Bound | F43: =C43 -> Forecast Minus Half A Standard Deviation (billions) | G43: Upper Bound | K43: Year | L43: Lower Bound | M43: Forecast Minus One Standard Deviation (billions) | N43: Upper Bound | O43: Lower Bound | P43: =M43 -> Forecast Minus One Standard Deviation (billions) | Q43: Upper Bound
A44: =A4 -> 2022Q1 | C44: =ROUND(C4-((D4-C4)*(0.5/2)),3) -> 221.584 | F44: =ROUND(F4-((G4-F4)*(0.5/2)),3) -> 184.956 | K44: =A4 -> 2022Q1 | M44: =ROUND(C4-((D4-C4)*(1/2)),3) -> 218.551 | P44: =ROUND(F4-((G4-F4)*(1/2)),3) -> 180.396
A45: =A5 -> 2022Q2 | C45: =ROUND(C5-((D5-C5)*(0.5/2)),3) -> 237.442 | F45: =ROUND(F5-((G5-F5)*(0.5/2)),3) -> 188.221 | K45: =A5 -> 2022Q2 | M45: =ROUND(C5-((D5-C5)*(1/2)),3) -> 233.885 | P45: =ROUND(F5-((G5-F5)*(1/2)),3) -> 182.281
A46: =A6 -> 2022Q3 | C46: =ROUND(C6-((D6-C6)*(0.5/2)),3) -> 237.384 | F46: =ROUND(F6-((G6-F6)*(0.5/2)),3) -> 187.874 | K46: =A6 -> 2022Q3 | M46: =ROUND(C6-((D6-C6)*(1/2)),3) -> 233.511 | P46: =ROUND(F6-((G6-F6)*(1/2)),3) -> 180.84
A47: =A7 -> 2022Q4 | C47: =ROUND(C7-((D7-C7)*(0.5/2)),3) -> 235.645 | F47: =ROUND(F7-((G7-F7)*(0.5/2)),3) -> 189.252 | K47: =A7 -> 2022Q4 | M47: =ROUND(C7-((D7-C7)*(1/2)),3) -> 231.572 | P47: =ROUND(F7-((G7-F7)*(1/2)),3) -> 181.272
A48: =A8 -> 2023Q1 | C48: =ROUND(C8-((D8-C8)*(0.5/2)),3) -> 219.736 | F48: =ROUND(F8-((G8-F8)*(0.5/2)),3) -> 188.804 | K48: =A8 -> 2023Q1 | M48: =ROUND(C8-((D8-C8)*(1/2)),3) -> 215.533 | P48: =ROUND(F8-((G8-F8)*(1/2)),3) -> 179.98
A49: =A9 -> 2023Q2 | C49: =ROUND(C9-((D9-C9)*(0.5/2)),3) -> 237.466 | F49: =ROUND(F9-((G9-F9)*(0.5/2)),3) -> 192.706 | K49: =A9 -> 2023Q2 | M49: =ROUND(C9-((D9-C9)*(1/2)),3) -> 233.178 | P49: =ROUND(F9-((G9-F9)*(1/2)),3) -> 183.112
A50: =A10 -> 2023Q3 | C50: =ROUND(C10-((D10-C10)*(0.5/2)),3) -> 238.845 | F50: =ROUND(F10-((G10-F10)*(0.5/2)),3) -> 192.743 | K50: =A10 -> 2023Q3 | M50: =ROUND(C10-((D10-C10)*(1/2)),3) -> 234.499 | P50: =ROUND(F10-((G10-F10)*(1/2)),3) -> 182.437
A51: =A11 -> 2023Q4 | C51: =ROUND(C11-((D11-C11)*(0.5/2)),3) -> 238.239 | F51: =ROUND(F11-((G11-F11)*(0.5/2)),3) -> 194.399 | K51: =A11 -> 2023Q4 | M51: =ROUND(C11-((D11-C11)*(1/2)),3) -> 233.855 | P51: =ROUND(F11-((G11-F11)*(1/2)),3) -> 183.426
A52: =A12 -> 2024Q1 | C52: =ROUND(C12-((D12-C12)*(0.5/2)),3) -> 223.232 | F52: =ROUND(F12-((G12-F12)*(0.5/2)),3) -> 194.167 | K52: =A12 -> 2024Q1 | M52: =ROUND(C12-((D12-C12)*(1/2)),3) -> 218.823 | P52: =ROUND(F12-((G12-F12)*(1/2)),3) -> 182.565
A53: =A13 -> 2024Q2 | C53: =ROUND(C13-((D13-C13)*(0.5/2)),3) -> 241.689 | F53: =ROUND(F13-((G13-F13)*(0.5/2)),3) -> 198.243 | K53: =A13 -> 2024Q2 | M53: =ROUND(C13-((D13-C13)*(1/2)),3) -> 237.262 | P53: =ROUND(F13-((G13-F13)*(1/2)),3) -> 186.046
A54: =A14 -> 2024Q3 | C54: =ROUND(C14-((D14-C14)*(0.5/2)),3) -> 243.653 | F54: =ROUND(F14-((G14-F14)*(0.5/2)),3) -> 198.425 | K54: =A14 -> 2024Q3 | M54: =ROUND(C14-((D14-C14)*(1/2)),3) -> 239.215 | P54: =ROUND(F14-((G14-F14)*(1/2)),3) -> 185.659
A55: =A15 -> 2024Q4 | C55: =ROUND(C15-((D15-C15)*(0.5/2)),3) -> 243.523 | F55: =ROUND(F15-((G15-F15)*(0.5/2)),3) -> 200.203 | K55: =A15 -> 2024Q4 | M55: =ROUND(C15-((D15-C15)*(1/2)),3) -> 239.076 | P55: =ROUND(F15-((G15-F15)*(1/2)),3) -> 186.893
... A75: =A35 -> 2029Q4 | C75: =ROUND(C35-((D35-C35)*(0.5/2)),3) -> 278.855 | F75: =ROUND(F35-((G35-F35)*(0.5/2)),3) -> 232.75 | K75: =A35 -> 2029Q4 | M75: =ROUND(C35-((D35-C35)*(1/2)),3) -> 274.392 | P75: =ROUND(F35-((G35-F35)*(1/2)),3) -> 211.283

Sheet HKBCCA
A1: HKBCCA | L1: ACSS | S1: LVTS
B2: ACSS +USBE | E2: LVTS | L2: Point Forecast | M2: Lo 95 | N2: Hi 95 | O2: Lo 95 | P2: Point Forecast | Q2: Hi 95 | S2: Point Forecast | T2: Lo 95 | U2: Hi 95 | V2: Lo 95 | W2: Point Forecast | X2: Hi 95
A3: Year | B3: Lower Bound | C3: Value Forecast (billions) | D3: Upper Bound | E3: Lower Bound | F3: Value Forecast (billions) | G3: Upper Bound | K3: 2022Q1 | L3: 117.85219 | M3: 110.94533 | N3: 124.75905 | O3: =ROUND(M3,3) -> 110.945 | P3: =ROUND(L3,3) -> 117.852 | Q3: =ROUND(N3,3) -> 124.759 | R3: =K3 -> 2022Q1 | S3: 1620.5215 | T3: 1397.9763 | U3: 1843.0667 | V3: =ROUND(T3,3) -> 1397.976 | W3: =ROUND(S3,3) -> 1620.522 | X3: =ROUND(U3,3) -> 1843.067
A4: =K3 -> 2022Q1 | B4: =O3 -> 110.945 | C4: =P3 -> 117.852 | D4: =Q3 -> 124.759 | E4: =V3 -> 1397.976 | F4: =W3 -> 1620.522 | G4: =X3 -> 1843.067 | K4: 2022Q2 | L4: 124.99209 | M4: 115.46989 | N4: 134.51429 | O4: =ROUND(M4,3) -> 115.47 | P4: =ROUND(L4,3) -> 124.992 | Q4: =ROUND(N4,3) -> 134.514 | R4: =K4 -> 2022Q2 | S4: 1627.908 | T4: 1281.2356 | U4: 1974.5805 | V4: =ROUND(T4,3) -> 1281.236 | W4: =ROUND(S4,3) -> 1627.908 | X4: =ROUND(U4,3) -> 1974.581
A5: =K4 -> 2022Q2 | B5: =O4 -> 115.47 | C5: =P4 -> 124.992 | D5: =Q4 -> 134.514 | E5: =V4 -> 1281.236 | F5: =W4 -> 1627.908 | G5: =X4 -> 1974.581 | I5: =SUM(F5:F8) -> 6586.843 | K5: 2022Q3 | L5: 125.95892 | M5: 114.74923 | N5: 137.16861 | O5: =ROUND(M5,3) -> 114.749 | P5: =ROUND(L5,3) -> 125.959 | Q5: =ROUND(N5,3) -> 137.169 | R5: =K5 -> 2022Q3 | S5: 1621.4548 | T5: 1193.2662 | U5: 2049.6435 | V5: =ROUND(T5,3) -> 1193.266 | W5: =ROUND(S5,3) -> 1621.455 | X5: =ROUND(U5,3) -> 2049.643
A6: =K5 -> 2022Q3 | B6: =O5 -> 114.749 | C6: =P5 -> 125.959 | D6: =Q5 -> 137.169 | E6: =V5 -> 1193.266 | F6: =W5 -> 1621.455 | G6: =X5 -> 2049.643 | I6: =SUM(F9:F12) -> 6855.248 | K6: 2022Q4 | L6: 127.50944 | M6: 115.09403 | N6: 139.92484 | O6: =ROUND(M6,3) -> 115.094 | P6: =ROUND(L6,3) -> 127.509 | Q6: =ROUND(N6,3) -> 139.925 | R6: =K6 -> 2022Q4 | S6: 1649.1691 | T6: 1150.1991 | U6: 2148.139 | V6: =ROUND(T6,3) -> 1150.199 | W6: =ROUND(S6,3) -> 1649.169 | X6: =ROUND(U6,3) -> 2148.139
A7: =K6 -> 2022Q4 | B7: =O6 -> 115.094 | C7: =P6 -> 127.509 | D7: =Q6 -> 139.925 | E7: =V6 -> 1150.199 | F7: =W6 -> 1649.169 | G7: =X6 -> 2148.139 | I7: =SUM(F13:F16) -> 7123.81 | K7: 2023Q1 | L7: 119.10424 | M7: 105.78751 | N7: 132.42096 | O7: =ROUND(M7,3) -> 105.788 | P7: =ROUND(L7,3) -> 119.104 | Q7: =ROUND(N7,3) -> 132.421 | R7: =K7 -> 2023Q1 | S7: 1688.3114 | T7: 1128.1623 | U7: 2248.4604 | V7: =ROUND(T7,3) -> 1128.162 | W7: =ROUND(S7,3) -> 1688.311 | X7: =ROUND(U7,3) -> 2248.46
A8: =K7 -> 2023Q1 | B8: =O7 -> 105.788 | C8: =P7 -> 119.104 | D8: =Q7 -> 132.421 | E8: =V7 -> 1128.162 | F8: =W7 -> 1688.311 | G8: =X7 -> 2248.46 | I8: =SUM(F17:F20) -> 7392.374 | K8: 2023Q2 | L8: 126.42367 | M8: 112.41583 | N8: 140.4315 | O8: =ROUND(M8,3) -> 112.416 | P8: =ROUND(L8,3) -> 126.424 | Q8: =ROUND(N8,3) -> 140.431 | R8: =K8 -> 2023Q2 | S8: 1694.8319 | T8: 1079.3321 | U8: 2310.3318 | V8: =ROUND(T8,3) -> 1079.332 | W8: =ROUND(S8,3) -> 1694.832 | X8: =ROUND(U8,3) -> 2310.332
A9: =K8 -> 2023Q2 | B9: =O8 -> 112.416 | C9: =P8 -> 126.424 | D9: =Q8 -> 140.431 | E9: =V8 -> 1079.332 | F9: =W8 -> 1694.832 | G9: =X8 -> 2310.332 | I9: =SUM(F21:F24) -> 7660.939 | K9: 2023Q3 | L9: 127.5525 | M9: 113.00619 | N9: 142.0988 | O9: =ROUND(M9,3) -> 113.006 | P9: =ROUND(L9,3) -> 127.552 | Q9: =ROUND(N9,3) -> 142.099 | R9: =K9 -> 2023Q3 | S9: 1688.6687 | T9: 1022.4703 | U9: 2354.8671 | V9: =ROUND(T9,3) -> 1022.47 | W9: =ROUND(S9,3) -> 1688.669 | X9: =ROUND(U9,3) -> 2354.867
A10: =K9 -> 2023Q3 | B10: =O9 -> 113.006 | C10: =P9 -> 127.552 | D10: =Q9 -> 142.099 | E10: =V9 -> 1022.47 | F10: =W9 -> 1688.669 | G10: =X9 -> 2354.867 | I10: =SUM(F25:F28) -> 7929.503 | K10: 2023Q4 | L10: 129.24919 | M10: 114.27875 | N10: 144.21963 | O10: =ROUND(M10,3) -> 114.279 | P10: =ROUND(L10,3) -> 129.249 | Q10: =ROUND(N10,3) -> 144.22 | R10: =K10 -> 2023Q4 | S10: 1716.2859 | T10: 1002.9615 | U10: 2429.6102 | V10: =ROUND(T10,3) -> 1002.961 | W10: =ROUND(S10,3) -> 1716.286 | X10: =ROUND(U10,3) -> 2429.61
A11: =K10 -> 2023Q4 | B11: =O10 -> 114.279 | C11: =P10 -> 129.249 | D11: =Q10 -> 144.22 | E11: =V10 -> 1002.961 | F11: =W10 -> 1716.286 | G11: =X10 -> 2429.61 | I11: =SUM(F29:F32) -> 8198.067 | K11: 2024Q1 | L11: 120.97589 | M11: 105.66879 | N11: 136.28299 | O11: =ROUND(M11,3) -> 105.669 | P11: =ROUND(L11,3) -> 120.976 | Q11: =ROUND(N11,3) -> 136.283 | R11: =K11 -> 2024Q1 | S11: 1755.4607 | T11: 997.94328 | U11: 2512.978 | V11: =ROUND(T11,3) -> 997.943 | W11: =ROUND(S11,3) -> 1755.461 | X11: =ROUND(U11,3) -> 2512.978
A12: =K11 -> 2024Q1 | B12: =O11 -> 105.669 | C12: =P11 -> 120.976 | D12: =Q11 -> 136.283 | E12: =V11 -> 997.943 | F12: =W11 -> 1755.461 | G12: =X11 -> 2512.978 | K12: 2024Q2 | L12: 128.41434 | M12: 112.8385 | N12: 143.99018 | O12: =ROUND(M12,3) -> 112.839 | P12: =ROUND(L12,3) -> 128.414 | Q12: =ROUND(N12,3) -> 143.99 | R12: =K12 -> 2024Q2 | S12: 1761.9703 | T12: 962.69756 | U12: 2561.2431 | V12: =ROUND(T12,3) -> 962.698 | W12: =ROUND(S12,3) -> 1761.97 | X12: =ROUND(U12,3) -> 2561.243
A13: =K12 -> 2024Q2 | B13: =O12 -> 112.839 | C13: =P12 -> 128.414 | D13: =Q12 -> 143.99 | E13: =V12 -> 962.698 | F13: =W12 -> 1761.97 | G13: =X12 -> 2561.243 | K13: 2024Q3 | L13: 129.65057 | M13: 113.8593 | N13: 145.44185 | O13: =ROUND(M13,3) -> 113.859 | P13: =ROUND(L13,3) -> 129.651 | Q13: =ROUND(N13,3) -> 145.442 | R13: =K13 -> 2024Q3 | S13: 1755.8107 | T13: 916.85885 | U13: 2594.7626 | V13: =ROUND(T13,3) -> 916.859 | W13: =ROUND(S13,3) -> 1755.811 | X13: =ROUND(U13,3) -> 2594.763
A14: =K13 -> 2024Q3 | B14: =O13 -> 113.859 | C14: =P13 -> 129.651 | D14: =Q13 -> 145.442 | E14: =V13 -> 916.859 | F14: =W13 -> 1755.811 | G14: =X13 -> 2594.763 | K14: 2024Q4 | L14: 131.44418 | M14: 115.47964 | N14: 147.40871 | O14: =ROUND(M14,3) -> 115.48 | P14: =ROUND(L14,3) -> 131.444 | Q14: =ROUND(N14,3) -> 147.409 | R14: =K14 -> 2024Q4 | S14: 1783.4267 | T14: 906.58925 | U14: 2660.2641 | V14: =ROUND(T14,3) -> 906.589 | W14: =ROUND(S14,3) -> 1783.427 | X14: =ROUND(U14,3) -> 2660.264
A15: =K14 -> 2024Q4 | B15: =O14 -> 115.48 | C15: =P14 -> 131.444 | D15: =Q14 -> 147.409 | E15: =V14 -> 906.589 | F15: =W14 -> 1783.427 | G15: =X14 -> 2660.264 | K15: 2025Q1 | L15: 123.25832 | M15: 107.15409 | N15: 139.36255 | O15: =ROUND(M15,3) -> 107.154 | P15: =ROUND(L15,3) -> 123.258 | Q15: =ROUND(N15,3) -> 139.363 | R15: =K15 -> 2025Q1 | S15: 1822.6019 | T15: 909.44945 | U15: 2735.7543 | V15: =ROUND(T15,3) -> 909.449 | W15: =ROUND(S15,3) -> 1822.602 | X15: =ROUND(U15,3) -> 2735.754
A16: =K15 -> 2025Q1 | B16: =O15 -> 107.154 | C16: =P15 -> 123.258 | D16: =Q15 -> 139.363 | E16: =V15 -> 909.449 | F16: =W15 -> 1822.602 | G16: =X15 -> 2735.754 | K16: 2025Q2 | L16: 130.77568 | M16: 114.55859 | N16: 146.99276 | O16: =ROUND(M16,3) -> 114.559 | P16: =ROUND(L16,3) -> 130.776 | Q16: =ROUND(N16,3) -> 146.993 | R16: =K16 -> 2025Q2 | S16: 1829.1114 | T16: 881.03395 | U16: 2777.1889 | V16: =ROUND(T16,3) -> 881.034 | W16: =ROUND(S16,3) -> 1829.111 | X16: =ROUND(U16,3) -> 2777.189
A17: =K16 -> 2025Q2 | B17: =O16 -> 114.559 | C17: =P16 -> 130.776 | D17: =Q16 -> 146.993 | E17: =V16 -> 881.034 | F17: =W16 -> 1829.111 | G17: =X16 -> 2777.189 | K17: 2025Q3 | L17: 132.0831 | M17: 115.77471 | N17: 148.3915 | O17: =ROUND(M17,3) -> 115.775 | P17: =ROUND(L17,3) -> 132.083 | Q17: =ROUND(N17,3) -> 148.391 | R17: =K17 -> 2025Q3 | S17: 1822.9519 | T17: 841.19096 | U17: 2804.7127 | V17: =ROUND(T17,3) -> 841.191 | W17: =ROUND(S17,3) -> 1822.952 | X17: =ROUND(U17,3) -> 2804.713
A18: =K17 -> 2025Q3 | B18: =O17 -> 115.775 | C18: =P17 -> 132.083 | D18: =Q17 -> 148.391 | E18: =V17 -> 841.191 | F18: =W17 -> 1822.952 | G18: =X17 -> 2804.713 | K18: 2025Q4 | L18: 133.94095 | M18: 117.55859 | N18: 150.32332 | O18: =ROUND(M18,3) -> 117.559 | P18: =ROUND(L18,3) -> 133.941 | Q18: =ROUND(N18,3) -> 150.323 | R18: =K18 -> 2025Q4 | S18: 1850.5678 | T18: 836.24142 | U18: 2864.8942 | V18: =ROUND(T18,3) -> 836.241 | W18: =ROUND(S18,3) -> 1850.568 | X18: =ROUND(U18,3) -> 2864.894
A19: =K18 -> 2025Q4 | B19: =O18 -> 117.559 | C19: =P18 -> 133.941 | D19: =Q18 -> 150.323 | E19: =V18 -> 836.241 | F19: =W18 -> 1850.568 | G19: =X18 -> 2864.894 | K19: 2026Q1 | L19: 125.81307 | M19: 109.37072 | N19: 142.25542 | O19: =ROUND(M19,3) -> 109.371 | P19: =ROUND(L19,3) -> 125.813 | Q19: =ROUND(N19,3) -> 142.255 | R19: =K19 -> 2026Q1 | S19: 1889.743 | T19: 843.86466 | U19: 2935.6214 | V19: =ROUND(T19,3) -> 843.865 | W19: =ROUND(S19,3) -> 1889.743 | X19: =ROUND(U19,3) -> 2935.621
A20: =K19 -> 2026Q1 | B20: =O19 -> 109.371 | C20: =P19 -> 125.813 | D20: =Q19 -> 142.255 | E20: =V19 -> 843.865 | F20: =W19 -> 1889.743 | G20: =X19 -> 2935.621 | K20: 2026Q2 | L20: 133.38273 | M20: 116.89171 | N20: 149.87376 | O20: =ROUND(M20,3) -> 116.892 | P20: =ROUND(L20,3) -> 133.383 | Q20: =ROUND(N20,3) -> 149.874 | R20: =K20 -> 2026Q2 | S20: 1896.2526 | T20: 819.74661 | U20: 2972.7585 | V20: =ROUND(T20,3) -> 819.747 | W20: =ROUND(S20,3) -> 1896.253 | X20: =ROUND(U20,3) -> 2972.759
A21: =K20 -> 2026Q2 | B21: =O20 -> 116.892 | C21: =P20 -> 133.383 | D21: =Q20 -> 149.874 | E21: =V20 -> 819.747 | F21: =W20 -> 1896.253 | G21: =X20 -> 2972.759 | K21: 2026Q3 | L21: 134.73736 | M21: 118.20681 | N21: 151.26791 | O21: =ROUND(M21,3) -> 118.207 | P21: =ROUND(L21,3) -> 134.737 | Q21: =ROUND(N21,3) -> 151.268 | R21: =K21 -> 2026Q3 | S21: 1890.093 | T21: 783.80703 | U21: 2996.3789 | V21: =ROUND(T21,3) -> 783.807 | W21: =ROUND(S21,3) -> 1890.093 | X21: =ROUND(U21,3) -> 2996.379
A22: =K21 -> 2026Q3 | B22: =O21 -> 118.207 | C22: =P21 -> 134.737 | D22: =Q21 -> 151.268 | E22: =V21 -> 783.807 | F22: =W21 -> 1890.093 | G22: =X21 -> 2996.379 | K22: 2026Q4 | L22: 136.6378 | M22: 120.07513 | N22: 153.20046 | O22: =ROUND(M22,3) -> 120.075 | P22: =ROUND(L22,3) -> 136.638 | Q22: =ROUND(N22,3) -> 153.2 | R22: =K22 -> 2026Q4 | S22: 1917.7089 | T22: 782.42387 | U22: 3052.994 | V22: =ROUND(T22,3) -> 782.424 | W22: =ROUND(S22,3) -> 1917.709 | X22: =ROUND(U22,3) -> 3052.994
A23: =K22 -> 2026Q4 | B23: =O22 -> 120.075 | C23: =P22 -> 136.638 | D23: =Q22 -> 153.2 | E23: =V22 -> 782.424 | F23: =W22 -> 1917.709 | G23: =X22 -> 3052.994 | K23: 2027Q1 | L23: 128.54835 | M23: 111.95958 | N23: 145.13711 | O23: =ROUND(M23,3) -> 111.96 | P23: =ROUND(L23,3) -> 128.548 | Q23: =ROUND(N23,3) -> 145.137 | R23: =K23 -> 2027Q1 | S23: 1956.8841 | T23: 793.3225 | U23: 3120.4458 | V23: =ROUND(T23,3) -> 793.323 | W23: =ROUND(S23,3) -> 1956.884 | X23: =ROUND(U23,3) -> 3120.446
... A34: =K33 -> 2029Q3 | B34: =O33 -> 126.712 | C34: =P33 -> 143.401 | D34: =Q33 -> 160.089 | E34: =V33 -> 675.921 | F34: =W33 -> 2091.516 | G34: =X33 -> 3507.112 | K34: 2029Q4 | L34: 145.3604 | M34: 128.66956 | N34: 162.05124 | O34: =ROUND(M34,3) -> 128.67 | P34: =ROUND(L34,3) -> 145.36 | Q34: =ROUND(N34,3) -> 162.051 | R34: =K34 -> 2029Q4 | S34: 2119.1323 | T34: 680.76009 | U34: 3557.5045 | V34: =ROUND(T34,3) -> 680.76 | W34: =ROUND(S34,3) -> 2119.132 | X34: =ROUND(U34,3) -> 3557.504
A35: =K34 -> 2029Q4 | B35: =O34 -> 128.67 | C35: =P34 -> 145.36 | D35: =Q34 -> 162.051 | E35: =V34 -> 680.76 | F35: =W34 -> 2119.132 | G35: =X34 -> 3557.504
A38: Mean | C38: =AVERAGE(C4:C35) -> 131.86866 | F38: =AVERAGE(F4:F35) -> 1864.8634
A41: HKBCCA (Minus 0.5 Standard Deviation) | K41: HKBCCA (Minus 1 Standard Deviation)
B42: ACSS +USBE | E42: LVTS | L42: ACSS +USBE | O42: LVTS
A43: Year | B43: Lower Bound | C43: Forecast Minus Half A Standard Deviation (billions) | D43: Upper Bound | E43: Lower Bound | F43: =C43 -> Forecast Minus Half A Standard Deviation (billions) | G43: Upper Bound | K43: Year | L43: Lower Bound | M43: Forecast Minus One Standard Deviation (billions) | N43: Upper Bound | O43: Lower Bound | P43: =M43 -> Forecast Minus One Standard Deviation (billions) | Q43: Upper Bound
A44: =A4 -> 2022Q1 | C44: =ROUND(C4-((D4-C4)*(0.5/2)),3) -> 116.125 | F44: =ROUND(F4-((G4-F4)*(0.5/2)),3) -> 1564.886 | K44: =A4 -> 2022Q1 | M44: =ROUND(C4-((D4-C4)*(1/2)),3) -> 114.399 | P44: =ROUND(F4-((G4-F4)*(1/2)),3) -> 1509.25
A45: =A5 -> 2022Q2 | C45: =ROUND(C5-((D5-C5)*(0.5/2)),3) -> 122.612 | F45: =ROUND(F5-((G5-F5)*(0.5/2)),3) -> 1541.24 | K45: =A5 -> 2022Q2 | M45: =ROUND(C5-((D5-C5)*(1/2)),3) -> 120.231 | P45: =ROUND(F5-((G5-F5)*(1/2)),3) -> 1454.572
A46: =A6 -> 2022Q3 | C46: =ROUND(C6-((D6-C6)*(0.5/2)),3) -> 123.157 | F46: =ROUND(F6-((G6-F6)*(0.5/2)),3) -> 1514.408 | K46: =A6 -> 2022Q3 | M46: =ROUND(C6-((D6-C6)*(1/2)),3) -> 120.354 | P46: =ROUND(F6-((G6-F6)*(1/2)),3) -> 1407.361
